"plate","state","license_type","summons_number","issue_date","violation_time","violation","precinct","county","issuing_agency"
"44VHLE","NJ","PAS","9037284097","03/15/2023","01:50P","SIDEWALK","108","Q","TRAFFIC"
"KKC3859","NY","PAS","9037514420","03/03/2023","01:41A","DOUBLE PARKING","075","K","TRAFFIC"
"JHV3849","NC","PAS","9038046315","03/08/2023","01:34P","SIDEWALK","073","K","TRAFFIC"
"MBC4956","PA","PAS","9038102343","03/22/2023","12:27P","FIRE HYDRANT","110","Q","TRAFFIC"
"T686574C","NY","OMT","9038278172","04/15/2023","06:00A","FIRE HYDRANT","102","Q","TRAFFIC"
"AW117D","NJ","PAS","9039126756","03/30/2023","12:23P","NO STANDING-BUS STOP","041","BX","TRAFFIC"
"KZA8275","NY","PAS","9039155975","03/17/2023","00:37A","FIRE HYDRANT","048","BX","TRAFFIC"
"KWK8335","NY","PAS","9039392420","03/11/2023","03:59P","CROSSWALK","046","BX","TRAFFIC"
"KWU7097","NY","PAS","9039656289","03/20/2023","08:57P","FIRE HYDRANT","079","K","TRAFFIC"
"TUV7527","VA","PAS","9039661649","03/10/2023","07:23A","FIRE HYDRANT","104","Q","TRAFFIC"
"TAJ625","MS","PAS","9039712852","02/25/2025","03:01P","FIRE HYDRANT","115","Q","TRAFFIC"
"A0H3YP","AL","PAS","9039890950","03/09/2023","05:54A","DOUBLE PARKING","044","BX","TRAFFIC"
"KYZ1238","NY","PAS","9039959146","04/12/2023","07:53A","CROSSWALK","075","K","TRAFFIC"
"AN50LW","FL","PAS","9040063722","03/20/2023","06:44P","CROSSWALK","115","Q","TRAFFIC"
"KWN3079","NY","PAS","9040227469","03/18/2023","05:39A","FIRE HYDRANT","109","Q","TRAFFIC"
"KSG8199","NY","PAS","9040373700","03/19/2023","01:33P","FIRE HYDRANT","028","NY","TRAFFIC"
"KGT7438","NY","OMS","9040467900","03/14/2023","06:53A","FIRE HYDRANT","078","K","TRAFFIC"
"2X2219","SD","PAS","9040496857","04/12/2023","03:14P","CROSSWALK","078","K","TRAFFIC"
"98637MM","NY","COM","9040577353","03/23/2023","11:24A","SIDEWALK","108","Q","TRAFFIC"
"T804510C","NY","OMT","9041015632","03/07/2023","08:08A","FIRE HYDRANT","061","K","TRAFFIC"
"LCV6187","NY","PAS","9041618417","11/01/2024","09:22A","FIRE HYDRANT","114","Q","TRAFFIC"
"SSB1389","TX","PAS","9041739269","03/25/2023","06:15A","FIRE HYDRANT","032","NY","TRAFFIC"
"KAK3207","NC","PAS","9041829740","04/24/2023","01:52P","FIRE HYDRANT","088","K","TRAFFIC"
"BR34749","CT","PAS","9041924371","03/12/2025","02:32P","SAFETY ZONE","010","NY","TRAFFIC"
"RBM532","SC","PAS","9042381875","03/26/2023","01:04A","FIRE HYDRANT","103","Q","TRAFFIC"
"KZP8582","NY","PAS","9042714542","04/17/2023","07:01A","FIRE HYDRANT","115","Q","TRAFFIC"
"D78NUM","NJ","PAS","9042803095","03/31/2023","06:30A","FIRE HYDRANT","042","BX","TRAFFIC"
"G88RVV","NJ","PAS","9042812916","04/03/2023","01:32P","CROSSWALK","044","BX","TRAFFIC"
"HHM1536","NY","PAS","9043094018","11/03/2023","03:12P","BIKE LANE","034","NY","TRAFFIC"
"BLANKPLATE","99","999","9043134570","04/10/2023","11:06A","FIRE HYDRANT","062","K","TRAFFIC"
"KZY6343","NY","PAS","9043444170","10/17/2023","05:56A","FIRE HYDRANT","110","Q","TRAFFIC"
"T806883C","NY","OMT","9043622540","04/06/2023","01:18A","FIRE HYDRANT","043","BX","TRAFFIC"
"LAE1770","NY","PAS","9043687054","04/18/2023","08:24A","FIRE HYDRANT","075","K","TRAFFIC"
"E79RCR","NJ","PAS","9044192711","04/13/2023","08:15A","CROSSWALK","048","BX","TRAFFIC"
"ZVN1598","PA","PAS","9044540634","03/23/2023","05:56A","FIRE HYDRANT","049","BX","TRAFFIC"
"KXT3161","NY","PAS","9044782680","03/30/2023","07:19A","DOUBLE PARKING","052","BX","TRAFFIC"
"QT00019","MS","PAS","9044788681","09/25/2025","01:32P","SIDEWALK","067","K","TRAFFIC"
"B72PSZ","NJ","PAS","9045159508","04/20/2023","06:05A","CROSSWALK","103","Q","TRAFFIC"
"T86PHG","NJ","PAS","9045329311","05/03/2023","02:34P","FIRE HYDRANT","046","BX","TRAFFIC"
"KKS6753","NY","PAS","9045357940","04/04/2023","05:20A","FIRE HYDRANT","072","K","TRAFFIC"
"AX714K","NJ","PAS","9045519859","08/05/2024","11:50A","DOUBLE PARKING","017","NY","TRAFFIC"
"BE45665","CT","PAS","9045889160","04/14/2023","08:58P","DOUBLE PARKING","049","BX","TRAFFIC"
"BF48JJ","FL","PAS","9046050932","04/07/2023","09:11P","FIRE HYDRANT","034","NY","TRAFFIC"
"T112086C","NY","OMT","9046054147","05/12/2023","09:57P","FIRE HYDRANT","034","NY","TRAFFIC"
"JSE8352","NY","PAS","9046058086","04/06/2023","06:42A","DOUBLE PARKING","044","BX","TRAFFIC"
"T785538C","NY","OMT","9046098035","04/06/2023","08:11A","FIRE HYDRANT","075","K","TRAFFIC"
"KBP8083","NY","PAS","9046161584","04/10/2023","08:11A","SIDEWALK","108","Q","TRAFFIC"
"W86RFK","NJ","PAS","9046452785","04/19/2023","02:49P","CROSSWALK","066","K","TRAFFIC"
"KSJ4303","NY","PAS","9046659811","05/14/2023","12:58P","FIRE HYDRANT","046","BX","TRAFFIC"
"KYF8088","NY","PAS","9046755277","04/06/2023","06:00A","FIRE HYDRANT","102","Q","TRAFFIC"
"T743650C","NY","OMT","9046757018","04/10/2023","07:29A","FIRE HYDRANT","103","Q","TRAFFIC"
"KVF2170","NY","PAS","9046801342","04/14/2023","09:44P","CROSSWALK","110","Q","TRAFFIC"
"XIZ1361","VA","PAS","9046910441","08/31/2024","07:17A","NO STANDING-DAY/TIME LIMITS","018","NY","TRAFFIC"
"A","PA","PAS","9046913478","09/16/2024","07:05A","CROSSWALK","014","NY","TRAFFIC"
"2HCP39","MA","999","9046991015","04/14/2023","11:26A","SIDEWALK","046","BX","TRAFFIC"
"M42PND","NJ","PAS","9047075766","04/07/2023","06:58A","CROSSWALK","107","Q","TRAFFIC"
"LBN9405","NY","PAS","9047247188","04/14/2023","06:48A","FIRE HYDRANT","046","BX","TRAFFIC"
"LJF0108","PA","PAS","9047270332","04/06/2023","08:03A","DOUBLE PARKING","046","BX","TRAFFIC"
"KNM3058","PA","PAS","9047423574","06/08/2025","09:01A","NO STANDING-BUS STOP","018","NY","TRAFFIC"
"XGVX61","NJ","PAS","9047541005","04/13/2023","01:24P","DOUBLE PARKING","026","NY","TRAFFIC"
"LFM2914","PA","PAS","9047688041","06/02/2023","10:20P","FIRE HYDRANT","110","Q","TRAFFIC"
"LZX6905","PA","PAS","9047806864","04/08/2023","06:30A","FIRE HYDRANT","050","BX","TRAFFIC"
"IMPAID","NY","SRF","9047835426","04/06/2023","05:52A","FIRE HYDRANT","062","K","TRAFFIC"
"LTR8751","PA","PAS","9047986106","10/21/2025","01:51P","FAIL TO DSPLY MUNI METER RECPT","090","K","TRAFFIC"
"1LT416","RI","PAS","9047987925","11/03/2025","04:48P","FIRE HYDRANT","094","K","TRAFFIC"
"TSE1445","VA","PAS","9048220452","04/12/2023","01:07A","FIRE HYDRANT","067","K","TRAFFIC"
"KNK8897","NY","PAS","9048236915","04/20/2023","05:09A","FIRE HYDRANT","066","K","TRAFFIC"
"67RY71","NY","MOT","9048590590","04/13/2023","08:19A","SIDEWALK","115","Q","TRAFFIC"
"M85NVY","NJ","PAS","9048959100","06/09/2023","08:52A","BIKE LANE","052","BX","TRAFFIC"
"RB8083","NC","PAS","9048974823","05/24/2023","08:06A","FIRE HYDRANT","046","BX","TRAFFIC"
"DKK515","GA","PAS","9048975712","04/13/2023","00:41A","FIRE HYDRANT","067","K","TRAFFIC"
"4EL8747","MD","PAS","9049345682","04/15/2023","04:56A","FIRE HYDRANT","032","NY","TRAFFIC"
"KXM4809","NY","PAS","9049375066","05/11/2023","07:15A","FIRE HYDRANT","048","BX","TRAFFIC"
"MBB0613","PA","PAS","9049379096","07/08/2023","12:00P","FIRE HYDRANT","052","BX","TRAFFIC"
"1YYY24","MA","PAS","9049445214","04/15/2023","05:57A","SIDEWALK","115","Q","TRAFFIC"
"TSN9573","VA","PAS","9049453296","04/24/2023","11:04A","FIRE HYDRANT","111","Q","TRAFFIC"
"076JM0","MO","PAS","9049587770","08/24/2024","07:02A","NO STANDING EXCP D/S","017","NY","TRAFFIC"
"KR8596","NC","PAS","9049638892","04/22/2023","06:05A","DOUBLE PARKING","044","BX","TRAFFIC"
"KDC9241","NC","PAS","9049909607","05/17/2023","04:31P","DOUBLE PARKING","019","NY","TRAFFIC"
"10IFA","FL","PAS","9050001877","05/04/2023","01:11P","CROSSWALK","066","K","TRAFFIC"
"K42KMG","NY","PAS","9050387494","05/15/2024",,,,,
"T720098C","NY","OMT","9050415787","04/21/2023","06:00A","SIDEWALK","044","BX","TRAFFIC"
"TSA438","SC","PAS","9050416792","04/22/2023","06:15A","FIRE HYDRANT","042","BX","TRAFFIC"
"KMU5944","NY","PAS","9050488936","05/10/2023","09:41A","FIRE HYDRANT","106","Q","TRAFFIC"
"LZJ9583","PA","PAS","9050583982","05/22/2023","06:25A","FIRE HYDRANT","034","NY","TRAFFIC"
"KTC6734","NY","PAS","9050755033","04/21/2023","06:41A","FIRE HYDRANT","103","Q","TRAFFIC"
"KRM7243","NY","PAS","9050908986","05/06/2023","10:11A","FIRE HYDRANT","046","BX","TRAFFIC"
"GZN9391","NY","PAS","9051012226","05/18/2023","04:38A","FIRE HYDRANT","063","K","TRAFFIC"
"967833T","NJ","PAS","9051348873","07/31/2024","04:05P","NO STANDING-COMM METER ZONE","013","NY","TRAFFIC"
"TXU7672","VA","PAS","9051666810","04/26/2023","07:30A","DOUBLE PARKING","046","BX","TRAFFIC"
"4693AD","MN","PAS","9051702528","05/02/2023","07:01A","FIRE HYDRANT","075","K","TRAFFIC"
"424828T","NJ","PAS","9052014930","02/25/2024",,,,,
"LYE4568","PA","PAS","9052303848","05/21/2023","10:39A","FIRE HYDRANT","046","BX","TRAFFIC"
"N99RLE","NJ","PAS","9052413540","05/04/2023","04:58A","BIKE LANE","071","K","TRAFFIC"
"KVR7491","NY","PAS","9052473572","05/15/2023","02:36P","SIDEWALK","103","Q","TRAFFIC"
"T805750C","NY","OMT","9052711690","05/10/2023","07:49A","DOUBLE PARKING","041","BX","TRAFFIC"
"KXT7017","NY","PAS","9053116722","05/09/2023","06:50A","SIDEWALK","110","Q","TRAFFIC"
"JML2786","NC","PAS","9053413728","05/18/2023","07:42A","FIRE HYDRANT","108","Q","TRAFFIC"
"BLANKPLATE","99","999","9053573951","09/12/2023","02:27P","FIRE HYDRANT","048","BX","TRAFFIC"
"KHX9475","NY","PAS","9053624570","05/30/2023","08:13P","FIRE HYDRANT","066","K","TRAFFIC"
"BLANKPLATE","99","999","9053805254","02/06/2024","11:56P","FRONT OR BACK PLATE MISSING","034","NY","TRAFFIC"
"KZY7633","NY","PAS","9054005828","06/12/2023","05:37A","FIRE HYDRANT","115","Q","TRAFFIC"
"MRJ0461","TX","PAS","9054607737","11/12/2024","07:15A","FIRE HYDRANT","104","Q","TRAFFIC"
"KWS7279","NY","PAS","9054608249","11/13/2024","11:45A","REG. STICKER-EXPIRED/MISSING","112","Q","TRAFFIC"
"728149T","NJ","PAS","9054785550","09/23/2023","09:28A","FIRE HYDRANT","050","BX","TRAFFIC"
"KGA162","MN","PAS","9054896826","05/19/2023","07:24A","CROSSWALK","103","Q","TRAFFIC"
"634353T","NJ","PAS","9054975726","05/12/2023","07:59A","FIRE HYDRANT","109","Q","TRAFFIC"
"KBW9131","NY","PAS","9055057113","05/24/2023","04:13P","DOUBLE PARKING","034","NY","TRAFFIC"
"14399NC","NY","COM","9055094638","05/24/2023","10:27A","BIKE LANE","044","BX","TRAFFIC"
"4654R45","AZ","PAS","9055329691","06/09/2023","09:45P","DOUBLE PARKING","040","BX","TRAFFIC"
"SSB0311","TX","PAS","9055593023","05/22/2023","10:10A","FIRE HYDRANT","062","K","TRAFFIC"
"MBN1521","PA","PAS","9055858596","05/23/2023","01:37P","CROSSWALK","048","BX","TRAFFIC"
"AL37206","AZ","PAS","9055872167","05/13/2023","07:20A","FIRE HYDRANT","067","K","TRAFFIC"
"KZV3759","NY","PAS","9056073928","06/02/2023","01:08P","DOUBLE PARKING","046","BX","TRAFFIC"
"GUH4864","NY","PAS","9056183503","06/26/2023","07:00A","CROSSWALK","109","Q","TRAFFIC"
"JLP6659","NC","PAS","9056486500","05/25/2023","06:43A","FIRE HYDRANT","114","Q","TRAFFIC"
"6DS0186","MD","PAS","9056554323","02/06/2025","01:11A","FIRE HYDRANT","112","Q","TRAFFIC"
"87160NC","NY","COM","9056606359","05/24/2023","02:05P","DOUBLE PARKING","026","NY","TRAFFIC"
"KVT6375","NY","PAS","9056620356","05/25/2023","11:42A","DOUBLE PARKING","049","BX","TRAFFIC"
"684557T","NJ","PAS","9056760671","08/07/2023","10:20A","FIRE HYDRANT","050","BX","TRAFFIC"
"LBD1303","NY","PAS","9056798110","06/01/2023","03:03P","DOUBLE PARKING","018","NY","TRAFFIC"
"219BE8","NY","MOT","9056849074","06/16/2023","11:46A","SIDEWALK","043","BX","TRAFFIC"
"82254PC","NY","APP","9056894122","06/13/2023","10:13A","DOUBLE PARKING","115","Q","TRAFFIC"
"AJ41635","AZ","PAS","9057355980","05/24/2023","08:49P","FIRE HYDRANT","024","NY","TRAFFIC"
"1910","OH","PAS","9057524181","06/15/2023","10:40P","SAFETY ZONE","108","Q","TRAFFIC"
"632010T","NJ","PAS","9057696370","05/25/2023","04:46A","SIDEWALK","072","K","TRAFFIC"
"KYT9505","NY","PAS","9058356644","06/09/2023","07:08A","SIDEWALK","110","Q","TRAFFIC"
"674335T","NJ","PAS","9058406842","06/27/2023","09:47A","FIRE HYDRANT","045","BX","TRAFFIC"
"KES3100","NY","PAS","9058433687","06/06/2023","07:09A","FIRE HYDRANT","050","BX","TRAFFIC"
"C57NLR","NJ","PAS","9058461269","05/30/2023","09:25A","NO PARKING-STREET CLEANING","075","K","TRAFFIC"
"VQR552","SC","PAS","9058462250","06/02/2023","07:20A","FIRE HYDRANT","081","K","TRAFFIC"
"BLANKPLATE","99","999","9058507609","07/26/2023","01:21P","NO STANDING-COMM METER ZONE","014","NY","TRAFFIC"
"KLJ4307","NY","PAS","9058521618","05/31/2023","02:33P","SAFETY ZONE","040","BX","TRAFFIC"
"KHA4213","NY","PAS","9058529710","06/27/2023","05:13A","FIRE HYDRANT","067","K","TRAFFIC"
"K75RAC","NJ","PAS","9058647596","06/03/2023","08:14A","DOUBLE PARKING","047","BX","TRAFFIC"
"AB18777","CT","COM","9059179869","10/02/2025","01:08P","DOUBLE PARKING","001","NY","TRAFFIC"
"N24NWX","NJ","PAS","9059288403","06/13/2023","06:25A","FIRE HYDRANT","070","K","TRAFFIC"
"TTE8579","VA","PAS","9059803504","07/09/2023","10:56A","FIRE HYDRANT","048","BX","TRAFFIC"
"2BW183","SD","PAS","9059999939","07/06/2023","10:28A","DOUBLE PARKING","023","NY","TRAFFIC"
"JPK5973","PA","PAS","9060153182","05/03/2024",,,,,
"S1915879","GA","PAS","9060334681","06/14/2024",,,,,
"CF30378","NY","TRL","9060388719","06/29/2023","12:56P","DETACHED TRAILER","061","K","TRAFFIC"
"A66RMS","NJ","PAS","9060608586","06/26/2023","02:30P","FIRE HYDRANT","034","NY","TRAFFIC"
"9FH3915","MD","PAS","9060935550","06/15/2023","11:12A","DOUBLE PARKING","040","BX","TRAFFIC"
"VE3868","MD","PAS","9060952509","07/05/2023","10:24P","FIRE HYDRANT","052","BX","TRAFFIC"
"D66RBZ","NJ","PAS","9061260784","06/06/2023","07:05A","FIRE HYDRANT","069","K","TRAFFIC"
"LAA8990","NY","PAS","9061348316","06/21/2023","06:37A","FIRE HYDRANT","102","Q","TRAFFIC"
"KYM5133","NY","PAS","9061457014","06/13/2023","06:12A","FIRE HYDRANT","076","K","TRAFFIC"
"Z10RSD","NJ","PAS","9061703001","06/22/2023","08:15A","DOUBLE PARKING","052","BX","TRAFFIC"
"265225","DE","PAS","9062309549","06/22/2023","10:11A","CROSSWALK","069","K","TRAFFIC"
"KYY5013","NY","PAS","9062319348","06/21/2023","05:45A","FIRE HYDRANT","071","K","TRAFFIC"
"T679996C","NY","OMT","9062371449","06/23/2023","08:08A","FIRE HYDRANT","103","Q","TRAFFIC"
"CVB6604","AZ","PAS","9062379813","08/05/2023","04:55P","SIDEWALK","100","Q","TRAFFIC"
"59188NB","NY","COM","9062482405","06/23/2023","12:56P","DOUBLE PARKING","009","NY","TRAFFIC"
"SCE03","NY","COM","9062780910","06/24/2023","03:40P","FIRE HYDRANT","019","NY","TRAFFIC"
"IFGA21","FL","PAS","9063310160","06/22/2023","07:05A","FIRE HYDRANT","033","NY","TRAFFIC"
"LBX5182","NY","PAS","9063367480","10/17/2023","07:39A","CROSSWALK","050","BX","TRAFFIC"
"LAL9839","NY","PAS","9063425612","06/16/2023","09:01A","CROSSWALK","079","K","TRAFFIC"
"MFE4969","PA","PAS","9063721018","07/10/2023","06:41A","SIDEWALK","115","Q","TRAFFIC"
"49777NC","NY","COM","9063829759","07/31/2023","12:36P","FIRE HYDRANT","024","NY","TRAFFIC"
"S144700","OH","PAS","9064031540","07/30/2024","04:15P","FIRE HYDRANT","014","NY","TRAFFIC"
"N14UDS","NJ","PAS","9064467973","10/30/2025","05:40P","NO PARKING-DAY/TIME LIMITS","007","NY","TRAFFIC"
"L81NYS","NJ","PAS","9064574649","10/11/2024","06:58A","VIN OBSCURED","048","BX","TRAFFIC"
"C99SBC","NJ","PAS","9064688825","07/08/2023","06:59A","FIRE HYDRANT","102","Q","TRAFFIC"
"KCE4930","NY","PAS","9064878638","06/28/2023","07:40A","FIRE HYDRANT","070","K","TRAFFIC"
"JRJ1438","NY","PAS","9065099098","07/20/2023","01:00P","FIRE HYDRANT","050","BX","TRAFFIC"
"BLANKPLATE","99","999","9065145564","06/28/2023","01:24P","DETACHED TRAILER","069","K","TRAFFIC"
"2577410","IN","PAS","9065321950","07/17/2023","05:36P","BIKE LANE","028","NY","TRAFFIC"
"T111462C","NY","OMT","9065325876","07/07/2023","02:09P","DOUBLE PARKING","033","NY","TRAFFIC"
"F10SCS","NJ","PAS","9065328750","07/20/2023","04:32P","FIRE HYDRANT","033","NY","TRAFFIC"
"AE56274","AZ","PAS","9065563210","07/31/2023","03:13P","FIRE HYDRANT","049","BX","TRAFFIC"
"A96GWT","NJ","PAS","9065688225","10/22/2024","01:57P","DOUBLE PARKING","043","BX","TRAFFIC"
"50IFJ","FL","PAS","9065713130","07/24/2023","01:42P","CROSSWALK","062","K","TRAFFIC"
"ID58872","VA","PAS","9065879316","08/03/2024","12:43P","DOUBLE PARKING","013","NY","TRAFFIC"
"1020046","WY","PAS","9066367611","11/07/2024","08:50A","NO PARKING-STREET CLEANING","048","BX","TRAFFIC"
"KSU4268","NY","PAS","9066382399","08/02/2023","02:22P","FIRE HYDRANT","052","BX","TRAFFIC"
"TDR6796","VA","PAS","9066624188","04/11/2024",,,,,
"KZG4285","NY","PAS","9066808627","08/18/2023","01:39P","FIRE HYDRANT","062","K","TRAFFIC"
"JLF2035","NY","PAS","9066855009","07/14/2023","08:46A","SIDEWALK","107","Q","TRAFFIC"
"BRJX661","ON","PAS","9067433810","08/10/2024","04:35P","FAIL TO DSPLY MUNI METER RECPT","006","NY","TRAFFIC"
"KJZ5849","NY","PAS","9067460140","07/13/2023","06:03A","DOUBLE PARKING","032","NY","TRAFFIC"
"MGF2748","PA","PAS","9067484039","07/31/2023","03:48P","FIRE HYDRANT","034","NY","TRAFFIC"
"PCCT40","FL","PAS","9067523367","07/30/2023","11:11A","DOUBLE PARKING","050","BX","TRAFFIC"
"KHP8467","NY","PAS","9067559593","07/30/2023","01:07P","FIRE HYDRANT","084","K","TRAFFIC"
"T789568C","NY","OMT","9067692001","07/15/2023","06:31A","FIRE HYDRANT","052","BX","TRAFFIC"
"M12RWK","NJ","PAS","9067772045","07/22/2023","06:23A","CROSSWALK","109","Q","TRAFFIC"
"XC2X8K","MO","PAS","9068260390","07/16/2023","11:56A","FIRE HYDRANT","066","K","TRAFFIC"
"OAB850","IA","PAS","9068594412","02/07/2025","12:35P","NO PARKING-DAY/TIME LIMITS","046","BX","TRAFFIC"
"5302445","ME","PAS","9068803098","05/15/2024",,,,,
"611812T","NJ","PAS","9068986582","07/29/2023","06:08A","FIRE HYDRANT","106","Q","TRAFFIC"
"KYK5535","NY","PAS","9069371911","07/27/2023","01:25P","BIKE LANE","046","BX","TRAFFIC"
"81753ND","NY","COM","9069375059","07/27/2023","10:41A","FIRE HYDRANT","046","BX","TRAFFIC"
"695265T","NJ","PAS","9069494000","08/04/2023","02:46P","CROSSWALK","033","NY","TRAFFIC"
"BLANKPLATE","99","999","9069615990","08/02/2023","01:10P","WRONG WAY","014","NY","TRAFFIC"
"T708548C","NY","OMT","9069943797","08/01/2023","08:33A","FIRE HYDRANT","046","BX","TRAFFIC"
"NHXC51","FL","PAS","9070195033","08/04/2023","09:13P","FIRE HYDRANT","033","NY","TRAFFIC"
"LBE6320","NY","PAS","9070765433","08/10/2023","06:00A","SIDEWALK","067","K","TRAFFIC"
"BLANKPLATE","99","999","9070924948","09/12/2023","09:13A","NO STANDING-DAY/TIME LIMITS","046","BX","TRAFFIC"
"T610259C","NY","OMT","9071161055","08/03/2023","06:38A","FIRE HYDRANT","044","BX","TRAFFIC"
"H63SDT","NJ","PAS","9071423268","08/10/2023","06:21A","FIRE HYDRANT","041","BX","TRAFFIC"
"Y958536","IL","PAS","9071440450","09/18/2025","12:46P","FIRE HYDRANT","067","K","TRAFFIC"
"3996061","IN","PAS","9071623828","08/12/2024","08:47P","FIRE HYDRANT","034","NY","TRAFFIC"
"BLANKPLATE","99","999","9071644856","09/19/2023","09:03A","FIRE HYDRANT","043","BX","TRAFFIC"
"BLANKPLATE","99","999","9072274386","09/28/2023","07:57A","FIRE HYDRANT","048","BX","TRAFFIC"
"KAY5763","NC","PAS","9072683572","08/12/2023","06:20A","SIDEWALK","075","K","TRAFFIC"
"AL84031","AZ","PAS","9072978018","08/22/2023","06:07A","FIRE HYDRANT","114","Q","TRAFFIC"
"NZF2524","TX","PAS","9073172056","08/21/2023","06:45A","SIDEWALK","103","Q","TRAFFIC"
"64611MA","NY","COM","9073720930","08/18/2023","01:32P","BIKE LANE","042","BX","TRAFFIC"
"AP38LY","FL","PAS","9073722690","08/24/2023","01:04P","DOUBLE PARKING","046","BX","TRAFFIC"
"KZW3206","NY","PAS","9074158390","09/05/2023","06:54A","FIRE HYDRANT","104","Q","TRAFFIC"
"BLANKPLATE","99","999","9074248081","09/23/2023","11:47A","FRONT OR BACK PLATE MISSING","018","NY","TRAFFIC"
"BLANKPLATE","99","999","9074309975","09/06/2023","07:46A","FIRE HYDRANT","048","BX","TRAFFIC"
"LCG5076","NY","PAS","9074355493","09/12/2023","05:42A","FIRE HYDRANT","068","K","TRAFFIC"
"JPB5774","NY","PAS","9074377490","08/26/2023","05:49A","FIRE HYDRANT","075","K","TRAFFIC"
"91DDHT","FL","PAS","9074666851","08/19/2023","06:04A","CROSSWALK","103","Q","TRAFFIC"
"XGZ890","GA","PAS","9074855805","07/15/2024",,,,,
"BLANKPLATE","99","999","9074856111","07/15/2024","10:09P","DOUBLE PARKING","046","BX","TRAFFIC"
"KLT9437","NY","PAS","9074969902","09/27/2023","11:25A","FIRE HYDRANT","088","K","TRAFFIC"
"RUP33J","NJ","PAS","9075372954","07/16/2024",,,,,
"BLANKPLATE","99","999","9075514797","09/23/2023","03:56P","FRONT OR BACK PLATE MISSING","018","NY","TRAFFIC"
"T791204C","NY","OMT","9075515959","08/22/2023","06:10A","DOUBLE PARKING","033","NY","TRAFFIC"
"D49LMG","NJ","PAS","9075518766","08/31/2023","06:29A","INTERSECTION","033","NY","TRAFFIC"
"BLANKPLATE","99","999","9075582249","09/14/2023","09:09A","FIRE HYDRANT","043","BX","TRAFFIC"
"S1956561","GA","PAS","9075595621","07/26/2024","02:52P","FIRE HYDRANT","047","BX","TRAFFIC"
"LBW6464","NY","PAS","9075615437","08/25/2023","06:01A","DOUBLE PARKING","047","BX","TRAFFIC"
"TDS6087","VA","PAS","9075697405","11/06/2025","02:48P","EXPIRED MUNI METER","115","Q","TRAFFIC"
"KJM2404","NY","PAS","9075839236","09/01/2023","01:50P","DOUBLE PARKING","042","BX","TRAFFIC"
"BLANKPLATE","99","999","9076077836","09/16/2023","01:23P","FIRE HYDRANT","018","NY","TRAFFIC"
"BLANKPLATE","99","999","9076119326","09/26/2023","12:11P","NO PARKING-STREET CLEANING","046","BX","TRAFFIC"
"09ABJC","FL","PAS","9076227445","09/05/2023","11:22A","FIRE HYDRANT","114","Q","TRAFFIC"
"AY360A","NJ","PAS","9076234115","09/15/2023","09:48A","CROSSWALK","108","Q","TRAFFIC"
"GWR3710","NY","PAS","9076436034","08/21/2023","01:47P","DOUBLE PARKING","071","K","TRAFFIC"
"KYJ6168","NY","PAS","9076725366","08/28/2023","07:28A","WRONG WAY","105","Q","TRAFFIC"
"XNZW58","NJ","PAS","9076767154","07/14/2025","09:06A","NO PARKING-STREET CLEANING","020","NY","TRAFFIC"
"LCR1238","NY","PAS","9076854877","10/11/2023","12:27P","CROSSWALK","040","BX","TRAFFIC"
"BLANKPLATE","99","999","9076993348","09/29/2023","12:39P","SAFETY ZONE","024","NY","TRAFFIC"
"S40SFL","NJ","PAS","9077038127","09/10/2023","06:51A","SAFETY ZONE","023","NY","TRAFFIC"
"BLANKPLATE","99","999","9077068867","12/28/2023","04:09P","FIRE HYDRANT","048","BX","TRAFFIC"
"42816JK","NY","COM","9077144833","08/02/2024","05:58P","FIRE HYDRANT","088","K","TRAFFIC"
"KYE2486","NY","PAS","9077827584","09/10/2023","06:19A","FIRE HYDRANT","044","BX","TRAFFIC"
"B43RLS","NJ","PAS","9078180419","09/13/2023","07:32A","WRONG WAY","101","Q","TRAFFIC"
"K31SRL","NJ","PAS","9078304583","10/12/2023","05:35P","SIDEWALK","023","NY","TRAFFIC"
"TWK1093","VA","PAS","9078544120","09/17/2024","02:06P","SAFETY ZONE","019","NY","TRAFFIC"
"L35RHW","NJ","PAS","9078596223","09/04/2023","07:40A","DOUBLE PARKING","046","BX","TRAFFIC"
"KGK8492","NY","PAS","9078980072","09/08/2023","07:02A","FIRE HYDRANT","106","Q","TRAFFIC"
"GJN1830","NY","PAS","9079181766","09/27/2023","06:50A","SIDEWALK","041","BX","TRAFFIC"
"LBE6320","NY","PAS","9079667316","09/11/2023","06:34A","SIDEWALK","070","K","TRAFFIC"
"BLANKPLATE","99","999","9079848116","10/14/2023","07:59A","FIRE HYDRANT","046","BX","TRAFFIC"
"C207375","NJ","PAS","9080119120","03/26/2024",,,,,
"PGWF73","FL","PAS","9080120480","09/16/2023","06:45A","FIRE HYDRANT","023","NY","TRAFFIC"
"LBS9604","NY","PAS","9080134430","09/16/2023","07:49A","DOUBLE PARKING","046","BX","TRAFFIC"
"LYY2659","PA","PAS","9080151592","09/08/2023","01:37P","DOUBLE PARKING","071","K","TRAFFIC"
"5339306","ME","PAS","9080277721","08/30/2024","07:39A","NO STANDING-BUS STOP","114","Q","TRAFFIC"
"KNU1308","NY","PAS","9080690727","09/11/2023","05:58A","FIRE HYDRANT","067","K","TRAFFIC"
"KTA1841","NY","PAS","9080840464","09/26/2023","02:12P","FIRE HYDRANT","108","Q","TRAFFIC"
"3217328","IN","PAS","9081017986","03/18/2026","01:37P","BIKE LANE","112","Q","TRAFFIC"
"HFW1566","NC","PAS","9080874711","05/30/2024",,,,,
"KNM8126","NY","PAS","9080894412","10/15/2023","01:43P","DOUBLE PARKING","028","NY","TRAFFIC"
"T783108C","NY","OMT","9080919184","09/23/2023","06:33A","FIRE HYDRANT","045","BX","TRAFFIC"
"KNM8539","NY","PAS","9081100142","09/23/2023","00:14A","DOUBLE PARKING","033","NY","TRAFFIC"
"T745340C","NY","OMT","9081103738","11/01/2023","03:02A","FIRE HYDRANT","033","NY","TRAFFIC"
"W10LXR","NJ","PAS","9081117658","09/28/2023","08:21P","FIRE HYDRANT","052","BX","TRAFFIC"
"KNM6021","NY","PAS","9081125254","09/16/2023","07:28A","CROSSWALK","042","BX","TRAFFIC"
"TPV9667","VA","PAS","9081355302","09/14/2023","01:57P","FIRE HYDRANT","073","K","TRAFFIC"
"MCS0372","PA","PAS","9081402018","10/05/2023","01:49A","FIRE HYDRANT","115","Q","TRAFFIC"
"N37PVB","NJ","PAS","9081690462","09/26/2023","06:05A","CROSSWALK","110","Q","TRAFFIC"
"9BBZ516","CA","PAS","9081829105","10/11/2023","11:14A","CROSSWALK","042","BX","TRAFFIC"
"78367MH","NY","COM","9082126473","10/16/2023","09:45A","FIRE HYDRANT","049","BX","TRAFFIC"
"XGAK27","NJ","PAS","9082127738","10/20/2023","12:45P","BIKE LANE","046","BX","TRAFFIC"
"X54NMY","NY","PAS","9082199683","09/18/2024","03:48P","VIN OBSCURED","084","K","TRAFFIC"
"KFT8904","NY","PAS","9082227800","09/30/2023","06:23A","FIRE HYDRANT","107","Q","TRAFFIC"
"51943","CT","PAS","9082249868","12/30/2024","07:11A","NO PARKING-DAY/TIME LIMITS","115","Q","TRAFFIC"
"4990E32","TX","PAS","9082438161","03/01/2024",,,,,
"KTD9999","NY","PAS","9082688451","10/20/2023","05:59A","CROSSWALK","110","Q","TRAFFIC"
"B0MZD","FL","PAS","9082784075","10/06/2023","06:11A","FIRE HYDRANT","043","BX","TRAFFIC"
"LBB2006","NY","PAS","9082911693","10/16/2023","11:08A","FIRE HYDRANT","043","BX","TRAFFIC"
"S1858058","GA","PAS","9083055061","05/16/2024",,,,,
"BLANKPLATE","99","999","9083347369","10/19/2023","01:58P","FIRE HYDRANT","046","BX","TRAFFIC"
"258199A","ME","PAS","9083380890","09/24/2024","10:21P","DETACHED TRAILER","113","Q","TRAFFIC"
"0001VLD","DP","PAS","9083440000","10/03/2023","08:40A","FIRE HYDRANT","043","BX","TRAFFIC"
"T767057C","NY","OMT","9083444650","10/22/2023","08:00A","CROSSWALK","048","BX","TRAFFIC"
"G42RMJ","NJ","PAS","9083586716","10/04/2023","02:24P","DOUBLE PARKING","073","K","TRAFFIC"
"KUU4029","NY","PAS","9083675324","09/30/2023","11:59A","FIRE HYDRANT","069","K","TRAFFIC"
"733807T","NJ","PAS","9083676675","10/04/2023","09:24A","DOUBLE PARKING","061","K","TRAFFIC"
"B44PPS","NJ","PAS","9083796565","10/10/2023","08:50A","SAFETY ZONE","030","NY","TRAFFIC"
"BLANKPLATE","99","999","9083870870","10/14/2023","09:27A","FIRE HYDRANT","046","BX","TRAFFIC"
"BLANKPLATE","99","999","9083879290","10/24/2023","12:15P","FIRE HYDRANT","041","BX","TRAFFIC"
"V24SLZ","NJ","PAS","9083884302","10/28/2023","07:15A","CROSSWALK","041","BX","TRAFFIC"
"5210199","GV","PAS","9084057247","10/17/2023","01:10P","BIKE LANE","018","NY","TRAFFIC"
"LYN5995","PA","PAS","9084141933","10/24/2023","08:50P","FIRE HYDRANT","052","BX","TRAFFIC"
"KYK1769","NY","PAS","9084275494","10/18/2023","02:44A","FIRE HYDRANT","104","Q","TRAFFIC"
"Y46KJG","NJ","PAS","9084667645","10/17/2023","11:03P","FIRE HYDRANT","067","K","TRAFFIC"
"A55HED","FL","PAS","9084672495","06/13/2025","02:15P","VIN OBSCURED","102","Q","TRAFFIC"
"XLPF94","NJ","PAS","9084797176","10/28/2023","08:39A","FIRE HYDRANT","072","K","TRAFFIC"
"BLANKPLATE","99","999","9084911775","10/24/2023","12:15P","FIRE HYDRANT","052","BX","TRAFFIC"
"LDY1610","NY","PAS","9085100951","10/11/2023","02:02A","FIRE HYDRANT","107","Q","TRAFFIC"
"KLJ5950","NY","PAS","9085259368","10/16/2023","06:35A","FIRE HYDRANT","040","BX","TRAFFIC"
"G2933L","FL","PAS","9085951446","04/19/2024",,,,,
"ZKP6853","NY","PAS","9085954356","02/06/2025","02:58P","FIRE HYDRANT","102","Q","TRAFFIC"
"JEM4984","NY","PAS","9086120222","10/18/2023","01:15P","BIKE LANE","030","NY","TRAFFIC"
"665789T","NJ","PAS","9086131049","10/16/2023","09:04A","FIRE HYDRANT","045","BX","TRAFFIC"
"KZX8343","NY","PAS","9086283263","11/07/2023","07:20A","WRONG WAY","111","Q","TRAFFIC"
"BJ37322","CT","999","9086738898","02/12/2025","09:09A","VIN OBSCURED","103","Q","TRAFFIC"
"THJ9810","NC","PAS","9086803593","11/07/2023","07:52A","CROSSWALK","114","Q","TRAFFIC"
"KRV9687","NY","PAS","9086976505","10/19/2023","06:22A","SIDEWALK","062","K","TRAFFIC"
"AR57724","CT","PAS","9087031105","11/14/2024","02:50P","VIN OBSCURED","106","Q","TRAFFIC"
"MKF1590","PA","PAS","9087032626","12/01/2024","02:35P","VIN OBSCURED","107","Q","TRAFFIC"
"ZKR5610","NY","ITP","9087135221","02/18/2025","07:25A","NO STANDING-COMM METER ZONE","018","NY","TRAFFIC"
"BLANKPLATE","99","999","9087442567","11/16/2023","10:01A","CROSSWALK","046","BX","TRAFFIC"
"85BM02","TN","PAS","9087534139","10/17/2025","01:34P","FAIL TO DSPLY MUNI METER RECPT","109","Q","TRAFFIC"
"DVA5317","NY","PAS","9087620809","10/20/2023","06:17A","FIRE HYDRANT","046","BX","TRAFFIC"
"BLANKPLATE","99","999","9087904332","11/09/2023","08:09A","CROSSWALK","046","BX","TRAFFIC"
"LAU4556","NY","PAS","9088137810","10/28/2023","06:42A","FIRE HYDRANT","049","BX","TRAFFIC"
"MHS0402","PA","PAS","9088203301","11/09/2023","09:21A","FIRE HYDRANT","104","Q","TRAFFIC"
"KGR8301","NY","PAS","9088353979","11/03/2023","05:27P","FIRE HYDRANT","006","NY","TRAFFIC"
"B9QQA","FL","PAS","9088460220","10/25/2023","08:54P","BIKE LANE","049","BX","TRAFFIC"
"AW790Z","NJ","PAS","9088574420","02/28/2024",,,,,
"124BH9","NY","MOT","9088588570","11/28/2023","11:19A","WRONG WAY","006","NY","TRAFFIC"
"41CDWK","FL","PAS","9088841639","11/01/2023","06:55A","CROSSWALK","109","Q","TRAFFIC"
"BLANKPLATE","99","999","9088919070","10/31/2023","01:31P","CROSSWALK","048","BX","TRAFFIC"
"LAZ2613","NY","PAS","9088946851","11/03/2023","09:09P","BIKE LANE","052","BX","TRAFFIC"
"LRD9356","PA","PAS","9089286664","11/02/2023","06:24P","FIRE HYDRANT","033","NY","TRAFFIC"
"XPEL43","NJ","PAS","9089447477","11/14/2023","06:10P","WRONG WAY","043","BX","TRAFFIC"
"KWL3170","NY","PAS","9089530381","11/13/2023","02:27P","SIDEWALK","104","Q","TRAFFIC"
"KVC4848","NY","PAS","9089996321","01/11/2024","07:54A","FIRE HYDRANT","043","BX","TRAFFIC"
"BLANKPLATE","99","999","9089999140","02/02/2024","10:02A","FIRE HYDRANT","052","BX","TRAFFIC"
"Z90RDD","NJ","PAS","9089999875","02/07/2024","08:32A","DOUBLE PARKING","043","BX","TRAFFIC"
"KZG1036","NY","PAS","9090510618","11/14/2023","08:42P","FIRE HYDRANT","066","K","TRAFFIC"
"JHZ7029","NY","PAS","9090642110","11/11/2023","07:00A","FIRE HYDRANT","115","Q","TRAFFIC"
"12AWTT","FL","PAS","9090822148","11/17/2023","11:41P","BIKE LANE","108","Q","TRAFFIC"
"KJD8178","NY","PAS","9090844510","01/05/2024","01:13P","SIDEWALK","108","Q","TRAFFIC"
"M23MZN","NJ","PAS","9090917159","08/20/2024","04:41P","EXPIRED MUNI METER","019","NY","TRAFFIC"
"D81PFY","NJ","PAS","9090931120","11/07/2023","06:29A","SIDEWALK","044","BX","TRAFFIC"
"DL03YU","FL","PAS","9091058584","01/16/2026","03:16P","BIKE LANE","088","K","TRAFFIC"
"BLANKPLATE","99","999","9091294826","12/01/2023","02:30P","SIDEWALK","043","BX","TRAFFIC"
"BLANKPLATE","99","999","9091299599","11/16/2023","08:00A","FIRE HYDRANT","046","BX","TRAFFIC"
"LAT4224","NY","PAS","9091420339","09/23/2024","02:24P","VIN OBSCURED","112","Q","TRAFFIC"
"BLANKPLATE","99","999","9091637468","11/18/2023","06:51A","DOUBLE PARKING","046","BX","TRAFFIC"
"CSR1052","TX","PAS","9091643833","03/26/2024",,,,,
"KYL1235","NY","PAS","9091732222","01/03/2024","09:04P","FIRE HYDRANT","110","Q","TRAFFIC"
"BLANKPLATE","99","999","9091946039","11/16/2023","10:07A","FIRE HYDRANT","041","BX","TRAFFIC"
"KRZ9529","NY","PAS","9091948486","11/26/2023","08:28A","DOUBLE PARKING","044","BX","TRAFFIC"
"MCW7427","PA","PAS","9091979343","12/05/2023","04:51A","FIRE HYDRANT","071","K","TRAFFIC"
"BLANKPLATE","99","999","9092215004","11/13/2023","09:06P","FIRE HYDRANT","046","BX","TRAFFIC"
"BLANKPLATE","99","999","9092252463","11/16/2023","01:18P","DOUBLE PARKING","046","BX","TRAFFIC"
"B47PAG","NJ","PAS","9092496080","11/17/2023","05:37A","SIDEWALK","067","K","TRAFFIC"
"63X988","WV","PAS","9092761023","10/24/2024","08:22A","FIRE HYDRANT","067","K","TRAFFIC"
"LCD3228","NY","PAS","9092796037","11/15/2023","00:32A","SIDEWALK","061","K","TRAFFIC"
"VMS901","SC","PAS","9093104743","02/27/2024",,,,,
"D70RSN","NJ","PAS","9093161430","11/15/2023","09:07A","CROSSWALK","048","BX","TRAFFIC"
"KZJ6357","NY","PAS","9093238127","01/12/2024","10:47A","SIDEWALK","088","K","TRAFFIC"
"3NGA94","MA","PAS","9093403011","12/11/2023","01:58P","FIRE HYDRANT","020","NY","TRAFFIC"
"MDW4016","PA","PAS","9093415475","11/21/2023","11:19A","FIRE HYDRANT","050","BX","TRAFFIC"
"BLANKPLATE","99","999","9093441760","11/24/2023","08:19A","FIRE HYDRANT","043","BX","TRAFFIC"
"KPP8465","NY","PAS","9093773343","11/24/2023","05:59A","BIKE LANE","052","BX","TRAFFIC"
"BLANKPLATE","99","999","9093846073","11/17/2023","03:32A","FIRE HYDRANT","052","BX","TRAFFIC"
"LFN6852","NY","PAS","9094254104","01/29/2024","08:08A","FIRE HYDRANT","048","BX","TRAFFIC"
"LER5615","NY","PAS","9094393931","12/06/2023","09:00A","SIDEWALK","114","Q","TRAFFIC"
"XPML67","NJ","PAS","9094419142","03/15/2024",,,,,
"JCM3372","OH","PAS","9094703592","12/06/2023","01:47P","DOUBLE PARKING","114","Q","TRAFFIC"
"61008CJ","MD","PAS","9094723487","12/11/2023","08:44A","WRONG WAY","109","Q","TRAFFIC"
"1NYY73","MA","PAS","9094728450","12/09/2023","07:39A","SIDEWALK","111","Q","TRAFFIC"
"LEV6250","NY","PAS","9094922230","11/26/2023","12:11P","DOUBLE PARKING","046","BX","TRAFFIC"
"BLANKPLATE","99","999","9094935557","12/01/2023","01:54P","BIKE LANE","046","BX","TRAFFIC"
"J29PTY","NJ","PAS","9095084334","12/06/2023","07:09A","FIRE HYDRANT","115","Q","TRAFFIC"
"KMX5864","NY","PAS","9095312239","11/29/2023","07:46A","FIRE HYDRANT","077","K","TRAFFIC"
"HDW766","MS","PAS","9095479389","03/02/2024",,,,,
"DFH7760","NC","PAS","9095510153","03/03/2024",,,,,
"3282408","IN","PAS","9095566225","12/03/2023","10:42A","DOUBLE PARKING","018","NY","TRAFFIC"
"XKBA54","NJ","PAS","9095568945","12/21/2023","10:26P","BIKE LANE","018","NY","TRAFFIC"
"BLANKPLATE","99","999","9095597611","02/21/2024","02:24P","FIRE HYDRANT","044","BX","TRAFFIC"
"BLANKPLATE","99","999","9095728857","01/22/2024","07:57A","FIRE HYDRANT","052","BX","TRAFFIC"
"BLANKPLATE","99","999","9095731716","12/04/2023","10:58A","FIRE HYDRANT","049","BX","TRAFFIC"
"HDC7775","TX","PAS","9095848840","03/13/2024",,,,,
"55107","NY","COM","9095919882","05/22/2024",,,,,
"52969MF","NY","COM","9095984655","03/01/2024",,,,,
"S2102998","GA","PAS","9096046833","12/19/2024","08:43A","SIDEWALK","052","BX","TRAFFIC"
"LAV7261","NY","PAS","9096063764","12/08/2023","08:38A","FIRE HYDRANT","066","K","TRAFFIC"
"HVY5540","OH","PAS","9096068105","12/08/2023","05:59A","FIRE HYDRANT","068","K","TRAFFIC"
"ANS09J","QB","PAS","9096203835","08/26/2024","07:35A","FIRE HYDRANT","010","NY","TRAFFIC"
"BLANKPLATE","99","999","9096303246","12/26/2023","01:06P","FIRE HYDRANT","049","BX","TRAFFIC"
"BLANKPLATE","99","999","9096494131","12/05/2023","09:43A","FIRE HYDRANT","046","BX","TRAFFIC"
"BLANKPLATE","99","999","9096515470","12/01/2023","03:36P","FIRE HYDRANT","044","BX","TRAFFIC"
"BLANKPLATE","99","999","9096792270","12/26/2023","02:25P","FIRE HYDRANT","044","BX","TRAFFIC"
"LDY1067","NY","PAS","9097054825","01/26/2024","01:03P","DOUBLE PARKING","026","NY","TRAFFIC"
"UAU2886","VA","PAS","9097172627","12/29/2023","11:05A","WRONG WAY","103","Q","TRAFFIC"
"BLANKPLATE","99","999","9097346149","12/09/2023","01:45P","FIRE HYDRANT","046","BX","TRAFFIC"
"BX95WY","FL","PAS","9097351390","12/09/2023","01:32P","FIRE HYDRANT","049","BX","TRAFFIC"
"KSZ5424","NY","PAS","9097542807","12/14/2023","08:32A","CROSSWALK","052","BX","TRAFFIC"
"EDX8316","MI","PAS","9097575564","12/06/2023","06:46A","FIRE HYDRANT","070","K","TRAFFIC"
"LAS2015","NY","PAS","9097707316","01/06/2024","01:28P","BIKE LANE","046","BX","TRAFFIC"
"2595PS","SC","PAS","9097781875","12/12/2023","07:24A","SIDEWALK","102","Q","TRAFFIC"
"TK2440","NC","PAS","9098339438","01/02/2024","02:35P","DOUBLE PARKING","020","NY","TRAFFIC"
"57006NB","NY","COM","9098377282","12/19/2023","06:34A","FIRE HYDRANT","062","K","TRAFFIC"
"MJN2042","PA","PAS","9098696715","01/12/2024","11:08A","FIRE HYDRANT","110","Q","TRAFFIC"
"LPR2589","PA","PAS","9098874435","12/29/2023","08:34A","CROSSWALK","043","BX","TRAFFIC"
"BLANKPLATE","99","999","9098895372","12/19/2023","03:16P","FIRE HYDRANT","040","BX","TRAFFIC"
"RDY3640","GA","PAS","9098974958","10/23/2024","03:17P","FIRE HYDRANT","115","Q","TRAFFIC"
"KNP5774","NY","PAS","9098979518","01/19/2024","01:54A","FIRE HYDRANT","110","Q","TRAFFIC"
"BLANKPLATE","99","999","9099066466","01/01/2024","01:37P","FIRE HYDRANT","052","BX","TRAFFIC"
"JJZ5805","PA","PAS","9099225854","12/19/2023","12:22P","CROSSWALK","023","NY","TRAFFIC"
"RIBP89","FL","PAS","9099239919","05/28/2024",,,,,
"KKB4753","NY","PAS","9099269158","01/03/2024","01:03A","FIRE HYDRANT","075","K","TRAFFIC"
"KNU1388","NY","PAS","9099431223","12/21/2023","06:34P","FIRE HYDRANT","030","NY","TRAFFIC"
"KUJ2781","NY","PAS","9099448041","12/30/2023","01:30P","FIRE HYDRANT","043","BX","TRAFFIC"
"BH32673","CT","PAS","9099530444","01/26/2024","09:40P","FIRE HYDRANT","110","Q","TRAFFIC"
"T695946C","NY","OMT","9099680892","12/22/2023","11:06A","SIDEWALK","044","BX","TRAFFIC"
"BLANKPLATE","99","999","9099690812","01/02/2024","02:26P","FIRE HYDRANT","052","BX","TRAFFIC"
"UXX2917","VA","PAS","9099736770","12/30/2023","08:53A","FIRE HYDRANT","075","K","TRAFFIC"
"KXE2755","NY","PAS","9099878643","01/13/2024","07:58A","DOUBLE PARKING","028","NY","TRAFFIC"
"LDJ7317","NY","PAS","9099887449","12/27/2023","08:27A","FIRE HYDRANT","046","BX","TRAFFIC"
"BLANKPLATE","99","999","9099889951","01/06/2024","07:38A","FIRE HYDRANT","046","BX","TRAFFIC"
"E90RUJ","NJ","PAS","9099939735","01/12/2024","03:01P","CROSSWALK","075","K","TRAFFIC"
"6095QW","SC","PAS","9099976781","01/31/2024","08:47A","FIRE HYDRANT","114","Q","TRAFFIC"
"BLANKPLATE","99","999","9100137819","01/02/2024","08:34P","FIRE HYDRANT","052","BX","TRAFFIC"
"AW25320","CT","PAS","9100289243","01/24/2024","09:59A","FIRE HYDRANT","019","NY","TRAFFIC"
"B66RUR","NJ","PAS","9100376802","01/19/2024","10:05A","FIRE HYDRANT","090","K","TRAFFIC"
"T117369C","NY","OMT","9100407781","01/08/2024","02:21P","DOUBLE PARKING","114","Q","TRAFFIC"
"496AUS","CT","PAS","9100421273","11/10/2025","04:49P","EXPIRED MUNI METER","108","Q","TRAFFIC"
"C37UDL","NJ","PAS","9100422587","11/17/2025","01:30P","FAIL TO DSPLY MUNI METER RECPT","114","Q","TRAFFIC"
"VDW3062","NC","PAS","9100535874","11/12/2024","11:44A","DOUBLE PARKING","067","K","TRAFFIC"
"64BNJK","FL","PAS","9100571969","01/02/2024","11:43P","CROSSWALK","062","K","TRAFFIC"
"BLANKPLATE","99","999","9100693728","01/11/2024","09:00A","FIRE HYDRANT","046","BX","TRAFFIC"
"A88SBX","NJ","PAS","9100727039","01/08/2024","08:23P","FIRE HYDRANT","067","K","TRAFFIC"
"BLANKPLATE","99","999","9101022301","01/27/2024","01:37P","CROSSWALK","048","BX","TRAFFIC"
"BLANKPLATE","99","999","9101216612","01/29/2024","05:19P","FIRE HYDRANT","102","Q","TRAFFIC"
"BLANKPLATE","99","999","9101254807","01/23/2024","11:47A","NO PARKING-STREET CLEANING","048","BX","TRAFFIC"
"T724836C","NY","OMT","9101345242","01/06/2024","01:20A","FIRE HYDRANT","104","Q","TRAFFIC"
"LGT6769","NY","PAS","9101361946","01/04/2024","05:52A","FIRE HYDRANT","115","Q","TRAFFIC"
"T37NPR","NJ","PAS","9101592919","01/19/2024","12:18P","FIRE HYDRANT","019","NY","TRAFFIC"
"BLANKPLATE","99","999","9101605446","01/03/2024","03:14P","DOUBLE PARKING","052","BX","TRAFFIC"
"1FH1911","MD","PAS","9101731294","01/08/2024","06:59A","SIDEWALK","114","Q","TRAFFIC"
"KJH4093","NY","PAS","9101868366","01/23/2024","05:08P","FIRE HYDRANT","110","Q","TRAFFIC"
"BLANKPLATE","99","999","9101901229","01/18/2024","12:37P","FIRE HYDRANT","044","BX","TRAFFIC"
"S1866033","GA","PAS","9101909939","04/21/2024",,,,,
"BLANKPLATE","99","999","9101991206","01/08/2024","09:48A","FIRE HYDRANT","052","BX","TRAFFIC"
"3CSR93","MA","PAS","9101999990","01/25/2024","08:38A","FIRE HYDRANT","046","BX","TRAFFIC"
"BLANKPLATE","99","999","9102235985","01/05/2024","02:30P","FIRE HYDRANT","042","BX","TRAFFIC"
"MCB7553","PA","PAS","9102257002","02/28/2024",,,,,
"T102760C","NY","OMT","9102429780","02/22/2024","08:25P","FIRE HYDRANT","102","Q","TRAFFIC"
"15482V","TX","PAS","9102474499","03/06/2024",,,,,
"WYP92M","NJ","PAS","9102530090","01/10/2024","05:10P","DOUBLE PARKING","023","NY","TRAFFIC"
"BF90514","CT","PAS","9102629707","03/02/2024",,,,,
"BLANKPLATE","99","999","9102892583","02/12/2024","07:06P","SIDEWALK","048","BX","TRAFFIC"
"X35CHS","NJ","PAS","9102998210","02/26/2024",,,,,
"96383ML","NY","COM","9103080857","01/19/2024","01:05P","DOUBLE PARKING","044","BX","TRAFFIC"
"BLANKPLATE","99","999","9103278700","01/28/2024","07:19A","FIRE HYDRANT","028","NY","TRAFFIC"
"43790NE","NY","COM","9103564605","02/22/2026","01:00P","CROSSWALK","103","Q","TRAFFIC"
"JGY8040","NY","PAS","9103564850","03/01/2026","01:02P","INSP. STICKER-EXPIRED/MISSING","112","Q","TRAFFIC"
"MCA456","MN","PAS","9103576413","02/25/2024",,,,,
"CSK6099","TX","PAS","9103707441","08/08/2024","01:37P","EXPIRED MUNI METER","028","NY","TRAFFIC"
"KVG5726","NY","PAS","9103743196","02/08/2024","08:47A","FIRE HYDRANT","062","K","TRAFFIC"
"372450","DE","PAS","9103871599","01/30/2024","06:12A","FIRE HYDRANT","010","NY","TRAFFIC"
"TLJ4838","VA","PAS","9103954286","04/14/2024","06:50A","SAFETY ZONE","032","NY","TRAFFIC"
"BLANKPLATE","99","999","9103967244","02/05/2024","10:35A","SIDEWALK","048","BX","TRAFFIC"
"UBU3703","VA","PAS","9103967530","02/06/2024","09:42A","FIRE HYDRANT","046","BX","TRAFFIC"
"S1793964","GA","PAS","9103998034","02/23/2024",,,,,
"LBK4047","NY","PAS","9104256839","02/04/2024","07:43A","SAFETY ZONE","048","BX","TRAFFIC"
"BLANKPLATE","99","999","9104258186","02/10/2024","12:59P","FIRE HYDRANT","048","BX","TRAFFIC"
"BLANKPLATE","99","999","9104271373","01/29/2024","02:20P","FIRE HYDRANT","049","BX","TRAFFIC"
"LEA3533","NY","PAS","9104466536","02/28/2024",,,,,
"F8303","MA","PAS","9104485762","05/08/2024",,,,,
"AZ899Y","NJ","PAS","9104515237","10/28/2025","07:56A","DOUBLE PARKING","024","NY","TRAFFIC"
"BLANKPLATE","99","999","9104567535","01/26/2024","01:27P","FIRE HYDRANT","042","BX","TRAFFIC"
"S1808516","GA","PAS","9104587807","02/24/2024",,,,,
"KXN4203","NY","PAS","9104655771","01/23/2024","06:32A","FIRE HYDRANT","103","Q","TRAFFIC"
"DS89581","IL","PAS","9104856480","03/12/2025","10:20A","FAIL TO DSPLY MUNI METER RECPT","072","K","TRAFFIC"
"3EBY218","CA","PAS","9104864803","02/17/2024","12:18P","FIRE HYDRANT","070","K","TRAFFIC"
"LMG2248","PA","PAS","9104875655","01/27/2024","01:37P","DOUBLE PARKING","088","K","TRAFFIC"
"BK53264","CT","PAS","9104917250","03/06/2024",,,,,
"KZJ8180","NY","PAS","9104921203","01/26/2024","03:54P","DOUBLE PARKING","109","Q","TRAFFIC"
"BKD9395","MI","PAS","9105033408","03/12/2024",,,,,
"AW83474","CT","PAS","9105041922","01/31/2024","02:36P","FIRE HYDRANT","052","BX","TRAFFIC"
"BLANKPLATE","99","999","9105054102","02/16/2024","11:09A","FIRE HYDRANT","048","BX","TRAFFIC"
"524BSQ","CO","PAS","9105067479","04/25/2024",,,,,
"B55NPB","NJ","PAS","9105084222","02/27/2024",,,,,
"MKZ22883","PA","PAS","9105195858","04/09/2024",,,,,
"I01CVE","FL","PAS","9105333957","02/29/2024",,,,,
"5500040","GV","PAS","9105342521","02/12/2024","02:38P","FIRE HYDRANT","006","NY","TRAFFIC"
"BOU9440","WA","PAS","9105485540","03/30/2024",,,,,
"AR57553","CT","PAS","9105524830","02/23/2024",,,,,
"BK93211","CT","PAS","9105763678","03/23/2024",,,,,
"BLANKPLATE","99","999","9105806574","02/02/2024","06:42A","NO STOPPING-DAY/TIME LIMITS","044","BX","TRAFFIC"
"T744774C","NY","OMT","9105827607","01/27/2024","07:06A","FIRE HYDRANT","067","K","TRAFFIC"
"K12HHM","NJ","PAS","9105854982","02/23/2024",,,,,
"169BDNR","TN","PAS","9105988391","02/19/2024","08:05A","BIKE LANE","042","BX","TRAFFIC"
"BLANKPLATE","99","999","9106229827","02/02/2024","06:19A","NO PARKING-DAY/TIME LIMITS","045","BX","TRAFFIC"
"CXF3409","OH","PAS","9106242996","02/26/2024",,,,,
"BV94HM","FL","PAS","9106253532","02/06/2024","08:50P","FIRE HYDRANT","052","BX","TRAFFIC"
"DHR74T","FL","PAS","9106278887","02/27/2024",,,,,
"RAB6632","MS","PAS","9106340039","07/14/2024",,,,,
"HYW5513","PA","PAS","9106354300","03/07/2024",,,,,
"LEF9314","NY","PAS","9106382757","03/13/2024",,,,,
"TB5472","MS","PAS","9106418960","08/20/2025","09:05A","VIN OBSCURED","048","BX","TRAFFIC"
"ADYCH0Z","NY","MOT","9106544204","02/23/2024",,,,,
"T735564C","NY","OMT","9106617165","02/03/2024","09:09A","FIRE HYDRANT","049","BX","TRAFFIC"
"BAE","NY","ORG","9106635702","01/29/2024","05:14A","FIRE HYDRANT","071","K","TRAFFIC"
"664MRG","CT","999","9106729162","02/23/2024",,,,,
"MGL7503","PA","PAS","9106798391","03/04/2024",,,,,
"QFB9368","GA","PAS","9106919789","02/25/2024",,,,,
"KRU9840","NY","PAS","9106973267","02/28/2024","02:52P","FIRE HYDRANT","094","K","TRAFFIC"
"K55SYG","NJ","PAS","9107011039","02/12/2024","09:15A","CROSSWALK","106","Q","TRAFFIC"
"CB0YZFL","VA","PAS","9107099125","02/26/2024",,,,,
"T686648C","NY","OMT","9107121039","02/06/2024","05:56A","FIRE HYDRANT","028","NY","TRAFFIC"
"99616MM","NY","COM","9107127972","02/22/2024","11:07A","DOUBLE PARKING","028","NY","TRAFFIC"
"REZ390","MS","PAS","9107284846","02/26/2024",,,,,
"A42RMZ","NJ","PAS","9107333079","02/20/2024","11:26A","CROSSWALK","006","NY","TRAFFIC"
"ZK8048","NC","PAS","9107522320","02/23/2024",,,,,
"MJC8553","PA","PAS","9107541200","02/16/2024","11:04P","FIRE HYDRANT","110","Q","TRAFFIC"
"VAN8440","NC","PAS","9107591123","02/28/2024","01:21P","DOUBLE PARKING","019","NY","TRAFFIC"
"16EBUB","FL","PAS","9107760917","02/23/2024",,,,,
"B56PHR","NJ","PAS","9107809906","02/28/2024",,,,,
"S1824718","GA","PAS","9107864668","03/14/2024",,,,,
"875RMX","QB","PAS","9107894181","03/07/2024",,,,,
"HJA5759","PA","PAS","9107999665","02/27/2024",,,,,
"XMZD36","NJ","PAS","9108078440","02/23/2024",,,,,
"TKA5649","VA","PAS","9108111716","03/20/2024",,,,,
"XKWZ63","NJ","PAS","9108146986","02/26/2024","01:10P","NO STANDING-BUS STOP","019","NY","TRAFFIC"
"024TQD","DP","PAS","9108149320","03/24/2024","12:46P","NO STANDING-BUS STOP","019","NY","TRAFFIC"
"JRR7706","NY","PAS","9108199401","03/23/2024",,,,,
"F94RLC","NJ","PAS","9108302558","02/23/2024",,,,,
"S1815790","GA","PAS","9108326551","02/23/2024",,,,,
"F20SHA","NJ","PAS","9108368260","02/28/2024",,,,,
"ZHB1660","PA","PAS","9108409572","02/28/2024",,,,,
"DV41372","IL","PAS","9108420725","02/07/2024","09:08P","SAFETY ZONE","007","NY","TRAFFIC"
"C81RYJ","NJ","PAS","9108503448","02/08/2024","09:47A","DOUBLE PARKING","040","BX","TRAFFIC"
"S1803200","GA","PAS","9108509918","03/06/2024",,,,,
"GMG5387","NY","PAS","9108549138","03/01/2024",,,,,
"127BVM","MN","PAS","9108596323","04/24/2024",,,,,
"828416T","NJ","PAS","9108624150","02/25/2024","10:02A","DOUBLE PARKING","112","Q","TRAFFIC"
"S1690771","GA","PAS","9108634300","03/04/2024",,,,,
"GGL3005","PA","PAS","9108654748","04/15/2024",,,,,
"AG9767","PA","PAS","9108710296","03/13/2024",,,,,
"1DX201","RI","PAS","9108733314","03/04/2024",,,,,
"DL14B87","GA","PAS","9108788959","07/30/2024","04:09P","NO STANDING-BUS STOP","069","K","TRAFFIC"
"U68KXY","NJ","PAS","9108797560","03/13/2024",,,,,
"KSP8205","NY","PAS","9108921477","02/09/2024","03:45P","DOUBLE PARKING","072","K","TRAFFIC"
"HSZ5246","NY","PAS","9108963654","04/13/2024","02:45P","SIDEWALK","106","Q","TRAFFIC"
"YMV6064","VA","PAS","9109001633","03/22/2024",,,,,
"PK422Y","FL","PAS","9109039855","03/12/2024",,,,,
"S1829641","GA","PAS","9109086894","03/11/2024",,,,,
"EDB4482","NC","PAS","9109296542","05/14/2024",,,,,
"02740169","MN","PAS","9109311919","04/05/2024",,,,,
"Y24UEL","NJ","PAS","9109325610","02/19/2024","08:02A","FIRE HYDRANT","028","NY","TRAFFIC"
"FLT4158","PA","PAS","9109363804","03/02/2024",,,,,
"X269430","NJ","PAS","9109364845","03/07/2024",,,,,
"S1784468","GA","PAS","9109367160","02/24/2024",,,,,
"52MAHF","QB","PAS","9109378420","02/25/2024",,,,,
"S1757709","GA","PAS","9109378741","02/25/2024",,,,,
"OM4895Z","TX","PAS","9109421464","03/31/2024",,,,,
"ZKB7369","NY","ITP","9109424192","04/21/2024",,,,,
"U46NZX","NJ","PAS","9109449541","02/26/2024",,,,,
"AU59462","CT","PAS","9109464104","03/19/2024",,,,,
"H63CUL","NJ","PAS","9109498631","03/26/2024",,,,,
"BLANKPLATE","99","999","9109518265","02/21/2024","09:28A","FIRE HYDRANT","052","BX","TRAFFIC"
"BLANKPLATE","99","999","9109530460","02/16/2024","08:58A","MISSING EQUIPMENT","043","BX","TRAFFIC"
"S1801020","GA","PAS","9109537909","02/23/2024",,,,,
"Z885565","NJ","PAS","9109584687","03/18/2024",,,,,
"18143","CT","TMP","9109603773","02/26/2024",,,,,
"XX246V","NJ","PAS","9109637394","05/15/2024",,,,,
"S1823742","GA","PAS","9109722166","03/03/2024",,,,,
"LFL1042","NY","PAS","9109725702","02/10/2024","11:22P","FIRE HYDRANT","071","K","TRAFFIC"
"PM580U","FL","PAS","9109863230","02/24/2024",,,,,
"JSM4974","NC","PAS","9109947310","02/24/2024",,,,,
"C81RYJ","NJ","PAS","9109975470","02/12/2024","06:59A","DOUBLE PARKING","044","BX","TRAFFIC"
"LDY3578","NY","PAS","9109978720","02/20/2024","07:11A","FIRE HYDRANT","045","BX","TRAFFIC"
"15744TV","NY","TOW","9109999012","02/15/2024","06:39A","DOUBLE PARKING","046","BX","TRAFFIC"
"BA49008","CT","PAS","9110003575","03/04/2024",,,,,
"HDB4247","PA","PAS","9110067486","02/29/2024",,,,,
"R831631","OH","PAS","9110076293","02/23/2024",,,,,
"LCV9576","NY","PAS","9110118494","03/21/2024",,,,,
"ZLB8737","VA","PAS","9110153482","03/05/2024",,,,,
"S1999360","GA","PAS","9110192943","09/02/2024","09:03A","FIRE HYDRANT","033","NY","TRAFFIC"
"LHJ5780","PA","PAS","9110232114","05/15/2025","03:58P","FAIL TO DSPLY MUNI METER RECPT","061","K","TRAFFIC"
"FRP9424","QB","PAS","9110238803","02/29/2024",,,,,
"TRN3715","VA","PAS","9110273190","03/13/2024",,,,,
"XB974U","NJ","PAS","9110276439","02/24/2024",,,,,
"T71SBG","NJ","PAS","9110298538","03/04/2024",,,,,
"HMB9787","PA","PAS","9110346673","02/27/2024",,,,,
"59511NC","NY","COM","9110372234","02/23/2024","03:19P","SAFETY ZONE","001","NY","TRAFFIC"
"U55RBS","NJ","PAS","9110413327","03/08/2024",,,,,
"XHTT79","NJ","PAS","9110414459","03/12/2024",,,,,
"AV67799","CT","999","9110514508","03/26/2024",,,,,
"GWG8706","PA","PAS","9110517327","02/23/2024",,,,,
"GDY6171","PA","PAS","9110545517","02/24/2024",,,,,
"HEM7941","NC","PAS","9110549870","03/22/2024",,,,,
"S1796483","GA","PAS","9110709915","03/16/2024",,,,,
"MGS2819","PA","PAS","9110721204","02/15/2024","06:16A","SAFETY ZONE","040","BX","TRAFFIC"
"K31RLF","NJ","PAS","9110790202","02/20/2024","07:35A","FIRE HYDRANT","081","K","TRAFFIC"
"M20NSZ","NJ","PAS","9110844533","03/09/2024",,,,,
"ZKB577","NY","ITP","9110859184","03/07/2024",,,,,
"AV61020","CT","PAS","9110865822","02/23/2024",,,,,
"9E80691","CA","PAS","9110894950","03/08/2024",,,,,
"4EKV29","MA","999","9110908249","03/05/2024",,,,,
"XLHG87","NJ","PAS","9110938126","03/02/2024","12:01P","CROSSWALK","024","NY","TRAFFIC"
"H88PFL","FL","PAS","9111112086","03/04/2024",,,,,
"608HSU","FL","PAS","9111124143","03/25/2024",,,,,
"130B47","NY","MOT","9111139778","04/09/2024",,,,,
"BA83287","CT","CMB","9111167671","02/27/2024",,,,,
"S2664783","GA","PAS","9111216839","03/03/2024",,,,,
"HKNL76","FL","PAS","9111241111","02/29/2024",,,,,
"0M4895Z","TX","PAS","9111333583","03/13/2024",,,,,
"AY29216","CT","999","9111341830","03/05/2024",,,,,
"2LTH93","MA","PAS","9111349220","03/11/2024",,,,,
"LKP1468","NY","PAS","9111368767","05/10/2024",,,,,
"1EV376","RI","PAS","9111485450","02/19/2024","06:33P","SIDEWALK","048","BX","TRAFFIC"
"S1800199","GA","PAS","9111501108","03/01/2024",,,,,
"S1843260","GA","PAS","9111504961","03/22/2024",,,,,
"0491HN","FL","PAS","9111571550","02/29/2024",,,,,
"544TKF","CT","PAS","9111671075","02/28/2024",,,,,
"LWY7123","PA","PAS","9111717129","03/08/2024",,,,,
"LAB6516","NY","PAS","9111875124","02/29/2024",,,,,
"M93STN","NJ","PAS","9111897624","03/18/2024","08:24A","FIRE HYDRANT","028","NY","TRAFFIC"
"T91PHX","NJ","PAS","9111919619","05/22/2024",,,,,
"R69SBA","NJ","PAS","9111951760","02/25/2024","07:31A","DOUBLE PARKING","046","BX","TRAFFIC"
"F56SRY","NJ","PAS","9111973390","03/01/2024",,,,,
"JRZ5117","PA","PAS","9111989956","03/15/2024",,,,,
"HHP5740","OH","PAS","9111995580","03/07/2024",,,,,
"LHV3965","NY","PAS","9112031252","08/15/2024","01:09P","FIRE HYDRANT","094","K","TRAFFIC"
"MCG8684","PA","PAS","9112031732","08/21/2024","01:56P","FIRE HYDRANT","077","K","TRAFFIC"
"KNP109","VT","PAS","9112076570","03/19/2024","10:38A","FIRE HYDRANT","103","Q","TRAFFIC"
"756XNS","CT","999","9112084645","03/21/2024",,,,,
"KKF2090","NY","PAS","9112096623","03/21/2024",,,,,
"LJG3425","NY","PAS","9112124412","03/21/2024",,,,,
"P49335H","PA","PAS","9112127735","03/04/2024",,,,,
"LHA1752","NY","PAS","9112166364","03/04/2024",,,,,
"XNJD93","NJ","PAS","9112171815","03/11/2024",,,,,
"JGN6332","NY","PAS","9112273776","02/28/2024",,,,,
"DWW7658","PA","PAS","9112306174","02/24/2024",,,,,
"GCN4126","PA","PAS","9112331170","02/29/2024",,,,,
"S1775592","GA","PAS","9112347620","03/13/2024",,,,,
"4GX882","MA","PAS","9112392212","03/11/2024",,,,,
"MKF0069","PA","PAS","9112427159","03/12/2024",,,,,
"DUY7302","NJ","PAS","9112458545","03/08/2024",,,,,
"JKP5848","PA","PAS","9112467571","02/23/2024",,,,,
"YV283Y","NJ","PAS","9112482481","03/15/2024",,,,,
"DT90117","IL","PAS","9112498877","03/09/2024",,,,,
"PT133R0","PA","PAS","9112535886","02/26/2024",,,,,
"S1831364","GA","PAS","9112547980","03/15/2024",,,,,
"7530897","GV","PAS","9112575082","02/29/2024","02:12P","FIRE HYDRANT","013","NY","TRAFFIC"
"4NLC48","MA","PAS","9112585476","03/30/2024",,,,,
"S1792497","GA","PAS","9112676421","03/13/2024",,,,,
"004976T","NJ","PAS","9112678030","03/28/2024",,,,,
"WXB1503","MS","PAS","9112702122","02/29/2024",,,,,
"Z883593","NJ","PAS","9112721049","03/04/2024","06:47A","FIRE HYDRANT","081","K","TRAFFIC"
"MXJ5443","TX","PAS","9112734391","03/02/2024",,,,,
"KRZ8668","PA","PAS","9112910004","03/03/2024",,,,,
"BRE4093","WA","PAS","9113011686","03/11/2024",,,,,
"BC54601","CT","PAS","9113033074","04/15/2024",,,,,
"XPEL44","NJ","PAS","9113084744","03/15/2024",,,,,
"3BK9665","MD","PAS","9113124080","03/25/2024",,,,,
"BASHAR","NJ","PAS","9113138261","03/20/2024",,,,,
"THW8942","TX","PAS","9113183825","03/05/2024",,,,,
"825748T","NJ","PAS","9113225911","03/09/2024",,,,,
"FDH3110","NC","PAS","9113270849","03/03/2024",,,,,
"H11SZZ","NJ","PAS","9113367602","03/10/2024",,,,,
"BG66170","CT","COM","9113424531","03/12/2024",,,,,
"A63LTY","NJ","PAS","9113430622","03/04/2024",,,,,
"PL650H","FL","PAS","9113599288","03/14/2024",,,,,
"TAT181","MS","PAS","9113631470","05/03/2024",,,,,
"NXLE85","PA","PAS","9113664402","02/23/2025","08:05A","FIRE HYDRANT","009","NY","TRAFFIC"
"HYH700","NJ","PAS","9113680602","03/08/2024",,,,,
"MHE74144","PA","PAS","9113684887","04/02/2024",,,,,
"647OM","MO","PAS","9113699507","03/15/2024",,,,,
"S1840563","GA","PAS","9113734891","04/05/2024",,,,,
"S1827123","GA","PAS","9113754180","03/26/2024",,,,,
"BLANKPLATE","99","999","9113780426","02/27/2024","03:47P","DETACHED TRAILER","069","K","TRAFFIC"
"JZP9978","PA","PAS","9113790055","03/04/2024",,,,,
"AX8758","NJ","PAS","9113898565","03/18/2024",,,,,
"QAX8785","GA","PAS","9113934326","04/03/2024",,,,,
"KLH4899","NY","PAS","9113985395","03/09/2024",,,,,
"L12605","CT","CMB","9114049636","04/02/2024",,,,,
"KCF4403","OH","PAS","9114080760","02/28/2024",,,,,
"J62GXH","NJ","PAS","9114134263","04/08/2024",,,,,
"RAV6636","MO","PAS","9114158851","03/09/2024",,,,,
"LBA2486","PA","PAS","9114201963","03/11/2024",,,,,
"BRM2536","TN","PAS","9114286026","03/11/2024",,,,,
"Z082557","UT","PAS","9114290935","03/11/2024",,,,,
"CXL9356","GA","PAS","9114308046","04/29/2024",,,,,
"871BLO","NY","MOT","9114363367","03/21/2024",,,,,
"LWKY37","FL","PAS","9114447990","04/01/2024",,,,,
"AS31654","CT","999","9114498376","03/20/2024",,,,,
"G28GDU","NJ","PAS","9114554276","03/19/2024",,,,,
"AU152647","CT","APP","9114559389","03/17/2024",,,,,
"EK92112","IL","PAS","9114583549","04/03/2024",,,,,
"EX67096","AR","PAS","9114594766","03/25/2024",,,,,
"L43GGY","NJ","PAS","9114608625","03/22/2024",,,,,
"S1819040","GA","PAS","9114746219","03/11/2024",,,,,
"2026652","IN","PAS","9114906636","03/25/2024",,,,,
"EKR7095","MI","PAS","9114944972","03/29/2024",,,,,
"4082766","PA","PAS","9114964983","04/13/2024",,,,,
"KVX5461","NY","PAS","9115014666","03/18/2024","02:14P","FIRE HYDRANT","020","NY","TRAFFIC"
"AJ25376","CT","PAS","9115103055","03/18/2024",,,,,
"LFP2354","NY","PAS","9115133084","03/17/2024","01:53P","FIRE HYDRANT","094","K","TRAFFIC"
"LAH6111","NY","PAS","9115156072","03/11/2024","06:19A","FIRE HYDRANT","106","Q","TRAFFIC"
"G2933L","FL","PAS","9115189156","04/27/2024",,,,,
"LFZ8892","NY","PAS","9115204005","03/27/2024",,,,,
"BG64565","CT","COM","9115311466","03/15/2024",,,,,
"6008J","NY","COM","9115354325","09/11/2024","03:29P","NO STANDING-BUS STOP","019","NY","TRAFFIC"
"DZV0950","MI","PAS","9115366157","03/13/2024",,,,,
"DE90221","IL","PAS","9115366820","03/15/2024",,,,,
"S1854782","GA","PAS","9115387525","03/26/2024",,,,,
"LPR5887","PA","PAS","9115418637","04/01/2024",,,,,
"3HL121","OK","PAS","9115423220","03/15/2024",,,,,
"S1832754","GA","PAS","9115460307","03/12/2024",,,,,
"B13SMC","NJ","PAS","9115568441","04/02/2024","08:19A","SAFETY ZONE","025","NY","TRAFFIC"
"JCH6101","PA","PAS","9115583843","04/14/2024",,,,,
"AV86191","CT","PAS","9115636495","03/18/2024",,,,,
"4375TA","ME","PAS","9115731145","03/15/2024",,,,,
"CJC63W","NJ","PAS","9115772317","03/22/2024",,,,,
"U67HJQ","NJ","PAS","9115793989","04/14/2024",,,,,
"N22PCI","NJ","PAS","9115806005","03/14/2024",,,,,
"JPH7320","PA","PAS","9115819796","03/26/2024",,,,,
"S1796277","GA","PAS","9115998769","03/15/2024",,,,,
"BFY501","IN","PAS","9116051920","03/20/2024",,,,,
"MHY7370","PA","PAS","9116076837","03/17/2024","03:17P","FIRE HYDRANT","009","NY","TRAFFIC"
"5301641","ME","PAS","9116084524","07/15/2024",,,,,
"LMC2434","PA","PAS","9116101121","03/15/2024",,,,,
"AW212A","NJ","PAS","9116102022","03/19/2024",,,,,
"HCBH53","NJ","PAS","9116151197","03/19/2024",,,,,
"RAB4041","MS","PAS","9116174902","04/01/2024",,,,,
"KYB2156","NY","PAS","9116219600","03/13/2024",,,,,
"4J0X202","CA","PAS","9116232987","03/20/2024",,,,,
"G9588L","FL","PAS","9116245453","03/11/2024",,,,,
"9AREL6","CT","PAS","9116257649","03/19/2024",,,,,
"78060MG","NY","COM","9116279463","06/12/2024",,,,,
"ADNA66","CO","PAS","9116392693","03/19/2024",,,,,
"KMK9825","NY","PAS","9116420550","03/27/2024",,,,,
"PMO95R","FL","PAS","9116432277","03/30/2024",,,,,
"HVT040","MS","PAS","9116479518","04/09/2024",,,,,
"W35JVV","NJ","PAS","9116518585","03/26/2024",,,,,
"S1793815","GA","PAS","9116525607","03/13/2024",,,,,
"E37PRB","NJ","PAS","9116531917","03/29/2024",,,,,
"DQ84172","IL","PAS","9116585197","03/12/2024",,,,,
"4120132","PA","PAS","9116616285","03/26/2024",,,,,
"LZF5011","NY","PAS","9116646411","02/09/2026","02:26P","FIRE HYDRANT","006","NY","TRAFFIC"
"S1846915","GA","PAS","9116709135","04/17/2024",,,,,
"D97UDH","NJ","PAS","9116718951","06/18/2024",,,,,
"S1827123","GA","PAS","9116749522","03/28/2024",,,,,
"RLZ4805","TX","PAS","9116762484","03/19/2024",,,,,
"DI613G","FL","PAS","9116773196","04/09/2024",,,,,
"RDC682","MS","PAS","9116780036","03/14/2024",,,,,
"B38EYA","NJ","PAS","9116780954","03/16/2024",,,,,
"OJCC80","MI","PAS","9116885636","03/21/2024",,,,,
"LEM2864","NY","PAS","9116943697","04/09/2024",,,,,
"AF39879","CT","PAS","9116977841","03/30/2024",,,,,
"Z61PXJ","NJ","PAS","9116991590","04/20/2024",,,,,
"44DMXG","FL","PAS","9117036549","03/26/2024",,,,,
"186523","WY","PAS","9117046270","03/22/2024",,,,,
"KZT6436","PA","PAS","9117095013","03/16/2024",,,,,
"RPB7398","TX","PAS","9117098518","04/02/2024",,,,,
"JZY4659","PA","PAS","9117122983","04/05/2024",,,,,
"ULN5957","VA","PAS","9117175252","03/19/2024",,,,,
"NBG1665","TX","PAS","9117208439","04/22/2024",,,,,
"CHB4276","GA","PAS","9117260942","03/30/2024",,,,,
"5246761","ME","PAS","9117278600","04/01/2024",,,,,
"LDN8409","PA","PAS","9117328172","05/03/2024",,,,,
"CNV6417","NY","PAS","9117358851","04/03/2024",,,,,
"WJU81G","NJ","PAS","9117390291","03/21/2024",,,,,
"PL904Y","FL","PAS","9117445190","03/21/2024",,,,,
"JPH7320","PA","PAS","9117468413","04/11/2024",,,,,
"Y65RYH","NJ","PAS","9117619490","04/10/2024","11:33A","CROSSWALK","079","K","TRAFFIC"
"YNX0691","PA","PAS","9117699976","04/28/2024",,,,,
"U13LEF","NJ","PAS","9117724363","04/29/2024","01:22P","FIRE HYDRANT","018","NY","TRAFFIC"
"S1821064","GA","PAS","9117786137","03/30/2024",,,,,
"5579","NY","999","9117871372","03/27/2024",,,,,
"P94HBS","NJ","PAS","9117896680","04/20/2024",,,,,
"BKK010","TN","PAS","9117905242","03/27/2024",,,,,
"53723T","VA","PAS","9117999406","04/15/2024",,,,,
"L81SKJ","NJ","PAS","9118005020","03/25/2024",,,,,
"XNSH70","NJ","PAS","9118062246","04/22/2024",,,,,
"BLANKPLATE","99","999","9118111993","03/26/2024","07:28A","FIRE HYDRANT","048","BX","TRAFFIC"
"D90SJM","NJ","PAS","9118138470","04/14/2024",,,,,
"PN614B","FL","PAS","9118140853","04/01/2024",,,,,
"566WVR","CT","999","9118169892","05/01/2024",,,,,
"LKH2811","NY","PAS","9118197516","01/15/2026","04:28P","FIRE HYDRANT","081","K","TRAFFIC"
"Z0DS","CT","PAS","9118200023","03/21/2024",,,,,
"2231684","IN","PAS","9118222286","03/26/2024",,,,,
"G9149K","FL","PAS","9118285831","04/03/2024",,,,,
"F87FWC","NJ","PAS","9118292446","03/06/2026","09:53A","FIRE HYDRANT","115","Q","TRAFFIC"
"LFZ9353","NY","PAS","9118302439","04/14/2024",,,,,
"PN377E","FL","PAS","9118351384","04/12/2024",,,,,
"XLEP21","NJ","PAS","9118393019","04/28/2024",,,,,
"586BN4","NY","MOT","9118397414","05/09/2024","08:19A","SIDEWALK","025","NY","TRAFFIC"
"BLANKPLATE","99","999","9118458166","04/25/2024","07:27A","FIRE HYDRANT","041","BX","TRAFFIC"
"KBX422","MN","PAS","9118494547","06/01/2024",,,,,
"XKC930","SC","PAS","9118506641","03/19/2024","11:16A","DOUBLE PARKING","068","K","TRAFFIC"
"GPVI79","FL","PAS","9118537261","04/03/2024",,,,,
"820ZBQ","OH","PAS","9118558914","03/29/2024",,,,,
"F88MFE","NJ","PAS","9118703458","07/07/2024",,,,,
"ZNN6986","NC","PAS","9118733566","04/10/2024",,,,,
"S1926451","GA","PAS","9118737821","07/02/2024",,,,,
"S1858414","GA","PAS","9118762451","04/16/2024",,,,,
"S1845627","GA","PAS","9118772808","03/22/2024",,,,,
"KHM1010","NC","PAS","9118915220","03/23/2024",,,,,
"TMM1399","VA","PAS","9118919832","04/17/2024",,,,,
"SHC3610","TX","PAS","9118921875","04/04/2024",,,,,
"AM12385","CT","PAS","9118930694","03/29/2024",,,,,
"LPS3727","PA","PAS","9118953773","04/05/2024",,,,,
"8TN632","MA","999","9118957018","03/26/2024",,,,,
"M60EPY","NJ","PAS","9118975458","03/22/2024",,,,,
"MHR0888","PA","PAS","9118998331","04/07/2024",,,,,
"LCK9637","PA","PAS","9119141660","04/01/2024",,,,,
"LLE2084","PA","PAS","9119165006","04/01/2024",,,,,
"E88VYC","NJ","PAS","9119172825","01/06/2026","03:40P","DOUBLE PARKING","052","BX","TRAFFIC"
"LVB8788","NY","PAS","9119174275","01/10/2026","06:32A","FIRE HYDRANT","050","BX","TRAFFIC"
"B83LUH","NJ","PAS","9119249822","04/13/2024",,,,,
"FPG0474","FL","PAS","9119276412","04/08/2024",,,,,
"C233167","CT","CMB","9119306210","04/03/2024",,,,,
"BLANKPLATE","99","999","9119311497","04/09/2024","12:37P","DOUBLE PARKING","001","NY","TRAFFIC"
"KHJ2541","NC","PAS","9119327158","04/04/2024","03:27P","VIN OBSCURED","014","NY","TRAFFIC"
"NTV5206","NC","PAS","9119338960","04/22/2024",,,,,
"LHB1303","NY","PAS","9119368446","04/24/2024","11:05A","FIRE HYDRANT","023","NY","TRAFFIC"
"XA890","CT","DLR","9119674168","04/23/2024",,,,,
"44DFWT","FL","PAS","9119716000","04/23/2024",,,,,
"XLBR20","NJ","PAS","9119749612","05/09/2024","01:28P","BIKE LANE","024","NY","TRAFFIC"
"JCX3575","PA","PAS","9119758121","04/23/2024",,,,,
"3551DB","CT","999","9119817241","04/07/2024",,,,,
"S1833658","GA","PAS","9119886949","04/08/2024",,,,,
"TZF2455","TX","PAS","9120004357","04/13/2024","07:23A","FIRE HYDRANT","013","NY","TRAFFIC"
"S1840783","GA","PAS","9120031555","04/03/2024",,,,,
"20207ND","NY","COM","9120044331","04/17/2024","02:18P","VIN OBSCURED","014","NY","TRAFFIC"
"S1831742","GA","PAS","9120117814","04/16/2024",,,,,
"G4097H","FL","PAS","9120127625","04/12/2024",,,,,
"B6PXS","FL","PAS","9120210097","03/29/2024",,,,,
"BXL4168","GA","PAS","9120214248","04/18/2024",,,,,
"U6416","KS","PAS","9120227802","05/02/2024",,,,,
"G5594L","FL","PAS","9120384701","04/19/2024",,,,,
"XJJ891","NJ","PAS","9120395863","06/19/2024",,,,,
"M12RWZ","NJ","PAS","9120492030","04/14/2024",,,,,
"S1816267","GA","PAS","9120502035","04/02/2024",,,,,
"G28GDU","NJ","PAS","9120507574","04/04/2024",,,,,
"G5594L","FL","PAS","9120526295","04/09/2024",,,,,
"EVQT16","FL","PAS","9120532740","04/25/2024",,,,,
"TPA2019","MS","PAS","9120545381","04/03/2024",,,,,
"T59PLA","NJ","PAS","9120593843","04/25/2024",,,,,
"748RJH","NJ","PAS","9120599213","05/05/2024",,,,,
"PN403E","FL","PAS","9120617586","04/19/2024",,,,,
"P87DXZ","NJ","PAS","9120644644","04/29/2024",,,,,
"AH89281","CT","PAS","9120652148","04/18/2024",,,,,
"XPMN33","NJ","PAS","9120693473","04/22/2024",,,,,
"UMR3874","VA","PAS","9120730123","04/30/2024","08:27A","BIKE LANE","084","K","TRAFFIC"
"LHM6873","PA","PAS","9120753512","04/18/2024",,,,,
"AJ77974","CT","PAS","9120791940","04/24/2024",,,,,
"BLANKPLATE","99","999","9120801270","04/22/2024","04:16P","SIDEWALK","010","NY","TRAFFIC"
"S1823368","GA","PAS","9120818518","04/27/2024",,,,,
"2MDG75","MA","PAS","9120843343","04/20/2024",,,,,
"KBA2992","PA","PAS","9120856854","03/07/2025","08:42A","NO PARKING-STREET CLEANING","049","BX","TRAFFIC"
"DUP2998","FL","PAS","9120859284","03/20/2025","09:03A","DOUBLE PARKING","049","BX","TRAFFIC"
"LZJ9508","PA","PAS","9120888119","04/11/2024",,,,,
"ZVK0353","PA","PAS","9120927174","04/15/2024",,,,,
"B44PCE","NJ","PAS","9120943600","04/18/2024",,,,,
"Z018SN","FL","PAS","9120960736","04/15/2024",,,,,
"KLF892","VT","PAS","9120970110","04/02/2024",,,,,
"F20SHA","NJ","PAS","9120980887","04/19/2024",,,,,
"XPAM48","NJ","PAS","9121011333","10/07/2025","05:26P","BIKE LANE","013","NY","TRAFFIC"
"AR09623","CT","PAS","9121017037","04/11/2024",,,,,
"S2118233","GA","PAS","9121056353","02/25/2025","03:59P","VIN OBSCURED","013","NY","TRAFFIC"
"LYN4506","PA","PAS","9121088287","05/12/2024",,,,,
"MGW1367","PA","PAS","9121138990","05/05/2024",,,,,
"EE40244","IL","PAS","9121185566","04/13/2024",,,,,
"TB5558","MO","PAS","9121193113","04/09/2024",,,,,
"G7919L","FL","PAS","9121210100","04/19/2024",,,,,
"BJ37322","CT","PAS","9121233561","04/19/2024",,,,,
"QPFL83","FL","PAS","9121257772","04/23/2024",,,,,
"AY65K54","CA","PAS","9121262871","04/30/2024",,,,,
"AN43367","CT","PAS","9121282353","04/16/2024",,,,,
"KLTZ41","NJ","PAS","9121316983","04/11/2024",,,,,
"BA89928","CT","CMB","9121333191","04/23/2024",,,,,
"KGR7722","PA","PAS","9121341163","04/14/2024",,,,,
"WQF385","SC","PAS","9121349824","04/19/2024",,,,,
"APM6094","WA","PAS","9121391786","05/16/2024",,,,,
"88E637A","TX","PAS","9121498374","04/18/2024",,,,,
"HWW9219","PA","PAS","9121505275","04/16/2024",,,,,
"CH823M9","NH","PAS","9121508483","05/03/2024",,,,,
"U39LVW","NJ","PAS","9121523927","04/22/2024",,,,,
"CTC5582","NY","PAS","9121624173","04/24/2024",,,,,
"JVC2450","TX","PAS","9121655248","04/15/2024",,,,,
"TLL7544","VA","PAS","9121661832","04/11/2024",,,,,
"WTT75W","NJ","PAS","9121763070","06/20/2024",,,,,
"BLANKPLATE","99","999","9121833989","05/21/2024","08:41A","SIDEWALK","005","NY","TRAFFIC"
"3360059B","IL","PAS","9121839396","05/08/2024",,,,,
"UBJ3788","VA","PAS","9121850677","04/14/2024",,,,,
"PR21244","PA","PAS","9121890158","04/20/2024",,,,,
"JJJ2622","PA","PAS","9121953430","04/29/2024",,,,,
"YJ7846","CT","999","9122024839","05/13/2024",,,,,
"3YNB78","MA","PAS","9122056762","08/05/2024","12:16P","VIN OBSCURED","013","NY","TRAFFIC"
"C241673","CT","CMB","9122081823","04/17/2024",,,,,
"AH95GC","FL","PAS","9122089962","04/13/2024",,,,,
"S1882657","GA","PAS","9122123970","04/23/2024",,,,,
"DI81460","LA","PAS","9122190910","04/10/2024",,,,,
"FX9633","WA","PAS","9122261758","04/10/2024",,,,,
"29199290","NC","PAS","9122290643","04/27/2024",,,,,
"GYX8263","PA","PAS","9122301367","04/13/2024",,,,,
"8LLP479","CA","PAS","9122315706","04/12/2024",,,,,
"HLWB59","FL","PAS","9122338093","04/28/2024",,,,,
"S1764749","GA","PAS","9122362393","04/19/2024",,,,,
"LVV5935","PA","PAS","9122401064","04/14/2024",,,,,
"S1855537","GA","PAS","9122402433","04/17/2024",,,,,
"S1831888","GA","PAS","9122416857","04/20/2024",,,,,
"X41SRU","NJ","PAS","9122561810","04/24/2024",,,,,
"U29SEG","NJ","PAS","9122563416","05/03/2024",,,,,
"BN07367","CT","PAS","9122572338","04/29/2024","10:34A","BIKE LANE","006","NY","TRAFFIC"
"KZK5362","NY","PAS","9122605307","04/14/2024",,,,,
"DZG4056","PA","PAS","9122629002","04/18/2024",,,,,
"UZS90B","NJ","PAS","9122649270","04/30/2024",,,,,
"9UO7N6","TN","PAS","9122679996","04/25/2024",,,,,
"XCLY67","NJ","PAS","9122714741","06/06/2024","08:05A","FAIL TO DISP. MUNI METER RECPT","017","NY","TRAFFIC"
"718QKQ","TN","PAS","9122730503","04/10/2024",,,,,
"TLU5372","VA","PAS","9122737947","05/11/2024","05:05P","DOUBLE PARKING","009","NY","TRAFFIC"
"FZ2072","WA","PAS","9122757909","05/25/2024",,,,,
"B66SVE","NJ","PAS","9123043052","03/23/2026","11:22A","NO STANDING-DAY/TIME LIMITS","018","NY","TRAFFIC"
"172148T","TN","PAS","9122811564","04/17/2024",,,,,
"U45UHU","NJ","PAS","9122816318","04/28/2024","11:39A","BIKE LANE","044","BX","TRAFFIC"
"PK030S","FL","PAS","9122863011","05/03/2024",,,,,
"VIKING","ME","PAS","9122895784","04/11/2024",,,,,
"RQD7441","GA","PAS","9122901814","05/10/2024",,,,,
"LJH4957","NY","PAS","9122909291","04/29/2024","01:15P","FIRE HYDRANT","081","K","TRAFFIC"
"HMY4859","PA","PAS","9122912630","04/24/2024",,,,,
"5120069","ME","PAS","9122945532","04/18/2024",,,,,
"3DPR36","MA","PAS","9122994695","05/09/2024",,,,,
"S1887182","GA","PAS","9123092830","04/28/2024",,,,,
"BLH726","AL","PAS","9123144191","05/22/2024",,,,,
"LDA5603","NY","PAS","9123204321","05/31/2024",,,,,
"LHA6052","NY","PAS","9123230198","04/14/2024","09:34A","FIRE HYDRANT","113","Q","TRAFFIC"
"LBM6602","PA","PAS","9123326128","04/17/2024",,,,,
"ZWS4382","PA","PAS","9123346905","04/29/2024",,,,,
"C328588","CT","COM","9123363060","05/14/2024",,,,,
"C0UTUR5","NJ","PAS","9123376831","04/20/2024",,,,,
"679TDR","MA","PAS","9123380871","04/23/2024",,,,,
"9AVDS5","CT","PAS","9123405466","04/12/2024",,,,,
"3056987","IN","PAS","9123415897","04/22/2024",,,,,
"JKJ5739","NY","PAS","9123449603","04/25/2024",,,,,
"MYH173","NM","PAS","9123472212","05/06/2024",,,,,
"BLC0243","TN","PAS","9123543127","04/25/2024","10:37A","FIRE HYDRANT","108","Q","TRAFFIC"
"BSWV422","ON","PAS","9123562274","04/30/2024",,,,,
"YZP9794","PA","PAS","9123586631","05/02/2024",,,,,
"S1875453","GA","PAS","9123705656","04/23/2024",,,,,
"RWZ1178","TX","PAS","9123792218","05/13/2024",,,,,
"B975HC","FL","PAS","9123803071","06/24/2024",,,,,
"F3301L","TN","PAS","9123822168","04/29/2024",,,,,
"S1025742","GA","PAS","9123837263","04/22/2024",,,,,
"19BD83","TN","PAS","9123855113","04/22/2024",,,,,
"S1877609","GA","PAS","9123906157","05/01/2024",,,,,
"XPVC24","NJ","PAS","9123927161","04/22/2024",,,,,
"G5596L","FL","PAS","9123959472","05/29/2024",,,,,
"AG893301","CT","PAS","9123986438","04/29/2024",,,,,
"1U20W4","TN","PAS","9124000905","04/17/2024",,,,,
"MHV9222","TX","PAS","9124002070","04/19/2024",,,,,
"HCP188","SC","PAS","9124008369","05/08/2024",,,,,
"RANK45","FL","PAS","9124239410","04/27/2024",,,,,
"L84PMK","NJ","PAS","9124245847","04/25/2024",,,,,
"LEJ5075","NY","PAS","9124309503","05/25/2024",,,,,
"F26UBX","NJ","PAS","9124322222","09/12/2024","01:21P","NO STANDING-COMM METER ZONE","014","NY","TRAFFIC"
"JG5585","MS","PAS","9124381688","05/01/2024",,,,,
"1826463","ME","PAS","9124385001","04/22/2024",,,,,
"87J19D0","TX","PAS","9124414712","04/29/2024",,,,,
"778ZHK","CT","PAS","9124452865","05/06/2024",,,,,
"JJT5454","TX","PAS","9124454217","05/12/2024",,,,,
"SC559","MA","PAS","9124465999","04/22/2024",,,,,
"PR13903","PA","PAS","9124468484","05/02/2024",,,,,
"419BC5","NY","MOT","9124549800","06/10/2024","03:06P","SIDEWALK","013","NY","TRAFFIC"
"GU2819","DC","PAS","9124642850","05/07/2024",,,,,
"08DGFB","FL","PAS","9124663840","05/16/2024","09:44A","FIRE HYDRANT","102","Q","TRAFFIC"
"53989MK","NY","COM","9124679938","05/16/2024",,,,,
"P87DXZ","NJ","PAS","9124708781","05/01/2024",,,,,
"TTD5126","OH","PAS","9124734056","05/03/2024",,,,,
"F60PRS","NJ","PAS","9124772367","04/25/2024",,,,,
"77380NC","NY","COM","9124798629","06/05/2024",,,,,
"S1871528","GA","PAS","9124835286","04/23/2024",,,,,
"MCL0252","PA","PAS","9124865151","04/30/2024",,,,,
"K33FTD","NJ","PAS","9124882860","05/15/2024",,,,,
"6ED9929","MD","PAS","9124896913","04/29/2024",,,,,
"LPS814","PA","PAS","9124897980","05/03/2024",,,,,
"A68MDM","NJ","PAS","9124984668","05/06/2024",,,,,
"C350745","CT","CMB","9125011030","05/30/2024",,,,,
"LDH2635","NY","PAS","9125100889","05/07/2024","12:06P","DOUBLE PARKING","043","BX","TRAFFIC"
"T81GCZ","NJ","PAS","9125116058","04/30/2024",,,,,
"LBJ6558","PA","PAS","9125132179","04/27/2024",,,,,
"LCF0391","PA","PAS","9125141958","05/08/2024",,,,,
"DVQM27","CO","PAS","9125178593","06/03/2024",,,,,
"190WYT","WA","PAS","9125220214","04/25/2024",,,,,
"39AESN","FL","PAS","9125250644","04/30/2024",,,,,
"R91GRZ","NJ","PAS","9125296073","05/06/2024",,,,,
"BVB7034","NC","PAS","9125311876","05/17/2024",,,,,
"SCV1467","GA","PAS","9125362902","05/14/2024",,,,,
"1ESE99","MA","PAS","9125445297","04/24/2024",,,,,
"G9837L","FL","PAS","9125592579","05/06/2024",,,,,
"TPD15V","NJ","PAS","9125653143","05/10/2024",,,,,
"M83SZZ","NJ","PAS","9125684279","05/28/2024",,,,,
"LGN9043","NY","PAS","9125740192","04/25/2024","01:51P","BIKE LANE","052","BX","TRAFFIC"
"LKR2270","PA","PAS","9125773422","05/21/2024",,,,,
"71ACQF","FL","PAS","9125811885","05/07/2024",,,,,
"TR7163J","GA","PAS","9125824041","05/08/2024",,,,,
"KTS66779","PA","PAS","9125942797","05/12/2024",,,,,
"751UCV","CT","PAS","9125976230","05/13/2024",,,,,
"Z61PXJ","NJ","PAS","9125982473","04/30/2024",,,,,
"1A1150N","AL","PAS","9125984731","05/04/2024",,,,,
"ZJ643S","NJ","PAS","9126010665","05/01/2024",,,,,
"953ZVO","CT","PAS","9126027343","05/06/2024",,,,,
"105ZSK","IN","PAS","9126046386","05/05/2024",,,,,
"BZ61QK","FL","PAS","9126095312","05/04/2024","09:14A","FIRE HYDRANT","067","K","TRAFFIC"
"8ZBB921","CA","PAS","9126108422","05/27/2024",,,,,
"LKY6718","NY","PAS","9126109414","05/30/2024",,,,,
"4389A","NE","PAS","9126127052","06/14/2024",,,,,
"3926268","PA","PAS","9126174273","05/17/2024",,,,,
"LXN3431","PA","PAS","9126181940","05/08/2024",,,,,
"2593A69","TX","PAS","9126195057","04/28/2024",,,,,
"2FD5857","MD","PAS","9126198290","05/12/2024",,,,,
"ADNA66","CO","PAS","9126256265","05/02/2024",,,,,
"JTC64R","NJ","PAS","9126336479","05/03/2024",,,,,
"BLANKPLATE","99","999","9126357884","05/09/2024","11:06A","FRONT OR BACK PLATE MISSING","042","BX","TRAFFIC"
"IU04W6","TN","PAS","9126363276","05/08/2024",,,,,
"8IL173","TN","PAS","9126391430","07/30/2024","09:07A","NO PARKING-STREET CLEANING","090","K","TRAFFIC"
"5231680","ME","PAS","9126410278","05/04/2024",,,,,
"T70RUT","NJ","PAS","9126419087","05/16/2024",,,,,
"LJW2021","NY","PAS","9126422244","05/11/2024",,,,,
"S1921624","GA","PAS","9126579741","06/12/2024",,,,,
"YRW76S","NJ","PAS","9126630710","05/07/2024",,,,,
"S1857539","GA","PAS","9126673836","05/10/2024",,,,,
"LBL9696","NY","PAS","9126692200","05/12/2024","07:11A","FIRE HYDRANT","079","K","TRAFFIC"
"R891901","IN","PAS","9126724340","06/28/2024",,,,,
"TRD743","SC","PAS","9126725344","05/04/2024","06:26A","FIRE HYDRANT","114","Q","TRAFFIC"
"BF72346","CT","PAS","9126757904","05/30/2024",,,,,
"278361","IN","PAS","9126758106","05/31/2024",,,,,
"S1892987","GA","PAS","9126834005","05/25/2024",,,,,
"S1708736","GA","PAS","9126855227","05/04/2024",,,,,
"S1931713","GA","PAS","9126861756","06/04/2024",,,,,
"AJY9181","WI","PAS","9126865956","05/14/2024",,,,,
"ZFV1439","NY","ITP","9126923026","06/04/2024",,,,,
"LKJ2581","NY","PAS","9126930602","05/06/2024",,,,,
"T67SUP","NJ","PAS","9127076349","06/14/2024",,,,,
"R327600","OH","PAS","9127101034","05/20/2024",,,,,
"S1855233","GA","PAS","9127113310","05/11/2024",,,,,
"KRC0833","PA","PAS","9127176204","07/13/2024",,,,,
"LJF5249","PA","PAS","9127191692","06/18/2024",,,,,
"GTR1892","NY","PAS","9127196264","05/09/2024",,,,,
"23X2210","AL","PAS","9127215921","05/03/2024",,,,,
"X75683","MA","PAS","9127220000","05/02/2024",,,,,
"406LDQ","CO","PAS","9127226219","06/25/2024",,,,,
"668ZRL","CT","PAS","9127233339","05/06/2024",,,,,
"BJ35186","CT","PAS","9127253405","05/23/2024",,,,,
"GA1830","WA","PAS","9127289874","05/28/2024",,,,,
"S1886365","GA","PAS","9127318941","05/09/2024",,,,,
"AW84438","CT","999","9127349706","05/22/2024",,,,,
"194AG1","MA","PAS","9127367939","05/29/2024",,,,,
"DC62J61","CA","PAS","9127377787","06/05/2024",,,,,
"C157392","ME","PAS","9127385942","05/04/2024",,,,,
"TUM7665","CA","PAS","9127389091","06/13/2024",,,,,
"078C7I","MO","PAS","9127480720","05/12/2024",,,,,
"BLANKPLATE","99","999","9127532770","05/08/2024","04:06P","FIRE HYDRANT","088","K","TRAFFIC"
"ERC9303","NY","PAS","9127570356","05/09/2024",,,,,
"G9837L","FL","PAS","9127575433","05/07/2024",,,,,
"TRT4743","VA","PAS","9127647572","06/05/2024",,,,,
"P70PKS","NJ","PAS","9127665811","05/11/2024",,,,,
"5295331","ME","PAS","9127670636","05/04/2024",,,,,
"HTA0090","PA","PAS","9127681701","08/10/2024","05:52A","CROSSWALK","103","Q","TRAFFIC"
"BDJ689","MI","PAS","9127696157","05/07/2024",,,,,
"HDQ025","MS","PAS","9127790344","10/30/2024","07:40P","FIRE HYDRANT","010","NY","TRAFFIC"
"PC454121","DE","PAS","9127808816","06/20/2024",,,,,
"S1897976","GA","PAS","9127816072","06/03/2024",,,,,
"P1242686","IL","PAS","9127828001","06/12/2024",,,,,
"C135479","DE","PAS","9127858042","05/13/2024",,,,,
"S1886722","GA","PAS","9127859307","05/16/2024",,,,,
"AK89575","CT","999","9127897424","05/16/2024",,,,,
"HEA2216","NY","999","9127923289","05/26/2024",,,,,
"K0C477","VT","PAS","9127958917","05/11/2024",,,,,
"KDS9300","TX","PAS","9127986810","05/18/2024",,,,,
"9377VR","FL","PAS","9127998710","05/21/2024",,,,,
"9377VR","FL","PAS","9127999920","05/29/2024",,,,,
"Y42PNR","NJ","PAS","9128005570","05/07/2024",,,,,
"SEN5317","GA","PAS","9128071517","05/14/2024",,,,,
"ADNA66","CO","PAS","9128090342","05/06/2024",,,,,
"S1941107","GA","PAS","9128137620","06/12/2024",,,,,
"S1891056","GA","PAS","9128140333","05/06/2024",,,,,
"MBN9606","PA","PAS","9128149038","03/26/2025","10:49A","EXPIRED MUNI METER","026","NY","TRAFFIC"
"JGK692","MS","PAS","9128189875","06/04/2024",,,,,
"KCA9962","PA","PAS","9128194615","06/08/2024",,,,,
"BLANKPLATE","99","999","9128209990","06/18/2024","01:45P","FIRE HYDRANT","044","BX","TRAFFIC"
"D38RXU","NJ","PAS","9128232501","05/13/2024","12:47P","CROSSWALK","084","K","TRAFFIC"
"LTC3146","PA","PAS","9128281457","05/12/2024",,,,,
"F18JTM","NJ","PAS","9128292571","05/11/2024",,,,,
"MYD37W","NJ","PAS","9128309789","05/29/2024",,,,,
"T64SNC","NJ","PAS","9128336082","05/24/2024",,,,,
"P61PXB","NJ","PAS","9128361052","05/15/2024",,,,,
"233BL4","NY","MOT","9128363462","05/29/2024",,,,,
"TSE1445","VA","PAS","9128379603","05/17/2024",,,,,
"28813M6","MD","PAS","9128423434","05/23/2024",,,,,
"C22MBB","NJ","PAS","9128503340","05/13/2024",,,,,
"RR5V57","PA","PAS","9128551060","05/14/2024",,,,,
"4195482","PA","PAS","9128589580","06/06/2024",,,,,
"AJ74EI","FL","PAS","9128626400","05/19/2024",,,,,
"N79RFN","NJ","PAS","9128680200","05/16/2024",,,,,
"944XJE","CT","PAS","9128705257","05/16/2024",,,,,
"XFAF78","NJ","PAS","9128815695","05/20/2024",,,,,
"265394B","ME","PAS","9128827569","05/22/2024",,,,,
"XPMM42","NJ","PAS","9128921318","06/07/2024",,,,,
"AL55CD","FL","PAS","9128968293","06/03/2024",,,,,
"S1894932","GA","PAS","9129000208","05/24/2024",,,,,
"E60GGT","NJ","PAS","9129058636","06/03/2024",,,,,
"MLH9382","PA","PAS","9129073133","05/25/2024",,,,,
"R59RNY","NJ","PAS","9129161162","05/28/2024",,,,,
"RA23397","MS","PAS","9129174259","05/28/2024",,,,,
"XQ287020","DE","PAS","9129174934","05/30/2024",,,,,
"HPJ7821","PA","PAS","9129235649","05/16/2024",,,,,
"JXG0930","PA","PAS","9129238407","05/27/2024",,,,,
"6V2427","WV","PAS","9129247172","05/25/2024",,,,,
"S1873837","GA","PAS","9129257360","05/18/2024",,,,,
"5342957","ME","PAS","9129287157","05/19/2024",,,,,
"023G204","MI","PAS","9129329164","05/28/2024",,,,,
"R19UBV","NJ","PAS","9129346484","05/20/2024",,,,,
"CB0YZFL","VA","PAS","9129368170","05/28/2024",,,,,
"926KRF","WA","PAS","9129417752","05/22/2024",,,,,
"LXE3463","PA","PAS","9129430902","05/10/2024",,,,,
"GBX840","VT","PAS","9129457282","05/20/2024",,,,,
"SAINT","NC","PAS","9129459564","05/31/2024","12:11P","NO PARKING-STREET CLEANING","083","K","TRAFFIC"
"HJR072","MN","PAS","9129468644","06/04/2024",,,,,
"HRF8798","NY","PAS","9129497000","06/11/2024",,,,,
"237715B","MT","PAS","9129555346","05/15/2024",,,,,
"12539AL","WA","PAS","9129582829","06/05/2024",,,,,
"ZWS4382","PA","PAS","9129648865","06/13/2024",,,,,
"PN403E","FL","PAS","9129661500","05/20/2024",,,,,
"LLG7686","PA","PAS","9129728769","06/06/2024",,,,,
"HMN4896","OH","PAS","9129734071","06/07/2024",,,,,
"KJJ8848","PA","PAS","9129764210","05/30/2024",,,,,
"AW35466","CT","PAS","9129777033","07/13/2024",,,,,
"CLW3187","GA","PAS","9129777112","07/13/2024",,,,,
"TA8752","MS","PAS","9129777872","07/23/2024",,,,,
"S1914606","NY","PAS","9129836050","05/23/2024",,,,,
"XPMM42","NJ","PAS","9129914711","07/01/2024",,,,,
"HTK1111","PA","PAS","9129939458","06/11/2024",,,,,
"S1716966","GA","PAS","9129986643","05/29/2024",,,,,
"LHJ76W","NJ","PAS","9130009418","06/06/2024",,,,,
"CNT4712","NY","999","9130071367","05/17/2024",,,,,
"4977252","NH","PAS","9130128687","05/29/2024","04:14P","FIRE HYDRANT","114","Q","TRAFFIC"
"LKV2556","NY","999","9130376932","05/25/2024",,,,,
"BAL7833","WA","PAS","9130383742","06/19/2024",,,,,
"7WPR582","CA","PAS","9130427897","06/12/2024",,,,,
"7LZV808","CA","PAS","9130455601","05/28/2024",,,,,
"DDR4702","NJ","PAS","9130485228","05/20/2024",,,,,
"BJ56794","CT","PAS","9130490546","05/26/2024",,,,,
"S8092347","GA","PAS","9130552953","06/02/2024",,,,,
"AZ93473","CT","PAS","9130571996","06/03/2024",,,,,
"LYY3487","PA","PAS","9130601538","05/17/2024",,,,,
"BG21186","CT","999","9130657120","05/22/2024",,,,,
"S1976055","GA","PAS","9130705540","09/20/2024","02:20P","FAIL TO DSPLY MUNI METER RECPT","120","R","TRAFFIC"
"E6161G","TN","PAS","9130714795","06/11/2024",,,,,
"BDY501","IN","PAS","9130767209","05/24/2024",,,,,
"XAF1068","CT","DLR","9130768354","05/30/2024",,,,,
"DP35269","IL","PAS","9130900724","05/27/2024",,,,,
"LGW4007","NY","PAS","9131008173","05/25/2024",,,,,
"KKP","OH","PAS","9131064528","08/23/2024","07:54A","CROSSWALK","023","NY","TRAFFIC"
"KHT568","VT","PAS","9131099919","05/28/2024",,,,,
"NYCI0","NY","SRF","9131186804","06/12/2024",,,,,
"JLZ2012","PA","PAS","9131197012","05/29/2024",,,,,
"JCZ7858","PA","PAS","9131389831","06/08/2024",,,,,
"AK89137","CT","PAS","9131470385","05/22/2024",,,,,
"X46FCW","NJ","PAS","9131489047","05/23/2024",,,,,
"SGM1770","GA","PAS","9131581742","05/26/2024",,,,,
"N26UCT","NJ","PAS","9131584159","06/03/2024",,,,,
"T52UKE","NJ","PAS","9131590214","05/24/2024",,,,,
"AOH7W5","AL","PAS","9131598638","06/12/2024",,,,,
"XCJB44","NJ","PAS","9131610304","05/28/2024",,,,,
"B72MJU","NJ","PAS","9131683496","06/01/2024","00:05A","VIN OBSCURED","060","K","TRAFFIC"
"S1921895","GA","PAS","9131720500","05/30/2024",,,,,
"LVE3626","PA","PAS","9131727499","05/31/2024",,,,,
"1A13677","AL","PAS","9131742488","06/07/2024",,,,,
"P30RUF","NJ","PAS","9131756177","05/26/2024",,,,,
"090417","VA","PAS","9131805401","05/24/2024",,,,,
"SGF2544","GA","PAS","9131818468","06/14/2024",,,,,
"ALC70P","QB","PAS","9131828607","06/25/2024",,,,,
"2K3305","WV","PAS","9131858053","07/23/2024",,,,,
"MMH2183","PA","PAS","9131868411","06/07/2024","11:56A","FIRE HYDRANT","052","BX","TRAFFIC"
"PL689X","FL","PAS","9131895918","05/25/2024",,,,,
"487AHG","GA","PAS","9132051050","06/04/2024",,,,,
"RPM1497","GA","PAS","9132090821","05/29/2024",,,,,
"14270MP","NY","COM","9132112166","06/27/2024",,,,,
"CJB153","SC","PAS","9132182284","06/26/2024",,,,,
"P55SKF","NJ","PAS","9132216490","05/30/2024",,,,,
"93","NY","999","9132248842","06/05/2024",,,,,
"JGV1266","OH","PAS","9132276679","06/06/2024",,,,,
"7H38091","CA","PAS","9132301091","06/07/2024",,,,,
"G6752H","FL","PAS","9132308620","06/12/2024",,,,,
"KDM6738","PA","PAS","9132349385","06/27/2024",,,,,
"S72RJH","NJ","PAS","9132393404","06/22/2024",,,,,
"39334KA","NY","COM","9132404700","09/13/2024","12:23P","BIKE LANE","023","NY","TRAFFIC"
"3RFS75","MA","PAS","9132431557","05/27/2024",,,,,
"JYC7874","VA","PAS","9132445817","06/05/2024",,,,,
"N50LBM","NJ","PAS","9132488180","06/19/2024",,,,,
"292085","NH","PAS","9132552300","02/22/2025","08:15A","NO PARKING-STREET CLEANING","115","Q","TRAFFIC"
"KZP4785","NY","PAS","9132641308","05/30/2024","05:49P","FIRE HYDRANT","006","NY","TRAFFIC"
"DAR5406","NJ","PAS","9132693564","06/11/2024",,,,,
"S1935750","GA","PAS","9132694246","06/14/2024",,,,,
"RGC495","MS","PAS","9132714038","06/21/2024",,,,,
"AW57807","CT","PAS","9132732697","06/06/2024",,,,,
"BN75316","IL","PAS","9132772750","07/12/2024",,,,,
"1708","TN","PAS","9132831493","05/25/2024",,,,,
"211BP6","NY","MOT","9132842442","06/19/2024","02:05P","SIDEWALK","084","K","TRAFFIC"
"6BO8P4","TN","PAS","9132842545","06/20/2024",,,,,
"JKW9062","NY","PAS","9132869320","08/09/2024","01:52P","FIRE HYDRANT","079","K","TRAFFIC"
"MCR3149","PA","PAS","9132881393","06/05/2024",,,,,
"K33FTD","NJ","PAS","9132885260","06/07/2024",,,,,
"BLF167","AL","PAS","9132910241","05/22/2024",,,,,
"BXZ3BA","FL","PAS","9132997772","06/14/2024",,,,,
"3430456","IN","PAS","9133003014","06/13/2024",,,,,
"AWP6629","WA","PAS","9133008590","06/11/2024",,,,,
"S1917055","GA","PAS","9133025988","05/26/2024",,,,,
"C260223","CT","CMB","9133086679","06/17/2024",,,,,
"LPN4085","NY","PAS","9133130401","11/01/2024","09:56A","NO STANDING-EXC. TRUCK LOADING","088","K","TRAFFIC"
"VKL79K","NJ","PAS","9133136956","07/23/2024",,,,,
"PL736J","NJ","PAS","9133227457","06/14/2024",,,,,
"EL60767","IL","PAS","9133233469","06/12/2024",,,,,
"MHH6055","PA","PAS","9133254813","06/24/2024",,,,,
"9ET692","MA","PAS","9133286050","05/30/2024",,,,,
"S1887061","GA","PAS","9133330724","05/25/2024",,,,,
"8179635","NY","DLR","9133380703","06/10/2024","07:56A","FIRE HYDRANT","077","K","TRAFFIC"
"DHR74T","FL","PAS","9133422126","06/17/2024",,,,,
"PDK","DE","PAS","9133508770","01/24/2025","09:29A","NO PARKING-STREET CLEANING","019","NY","TRAFFIC"
"AX80813","CT","PAS","9133645371","07/29/2024","02:00P","SIDEWALK","073","K","TRAFFIC"
"AF46499","CT","999","9133673974","06/24/2024",,,,,
"LSK0928","PA","PAS","9133703279","07/07/2024",,,,,
"BKK010","TN","PAS","9133704946","07/18/2024",,,,,
"AF40AN","FL","PAS","9133705859","06/03/2024",,,,,
"S1927491","GA","PAS","9133713674","06/14/2024",,,,,
"2EZ249","SD","PAS","9133742583","06/15/2024",,,,,
"S1899448","GA","PAS","9133745596","06/25/2024",,,,,
"R14SEE","NJ","PAS","9133776430","05/31/2024",,,,,
"LWV0297","PA","PAS","9133789678","06/20/2024",,,,,
"3031449","ME","PAS","9133799714","06/24/2024",,,,,
"C299586","CT","CMB","9133804485","06/22/2024",,,,,
"XKBJ80","NJ","PAS","9133810217","06/05/2024",,,,,
"KNE8493","PA","PAS","9133890316","06/03/2024",,,,,
"PBV8547","TX","PAS","9133897580","06/01/2024",,,,,
"TAT087","MS","PAS","9133898868","06/03/2024",,,,,
"8XNE798","CA","PAS","9133939147","06/06/2024",,,,,
"DAY0H3","NH","PAS","9134016004","06/08/2024",,,,,
"918BLO","NY","LMB","9134052598","06/11/2024",,,,,
"WPT9943","NC","PAS","9134088921","06/21/2024",,,,,
"G22SAK","NJ","PAS","9134114830","06/27/2024",,,,,
"306ULX","CT","999","9134155181","06/04/2024",,,,,
"BLANKPLATE","99","999","9134159332","06/28/2024","05:23A","SIDEWALK","070","K","TRAFFIC"
"CPL7285","GA","PAS","9134160723","06/08/2024",,,,,
"115361B","MT","PAS","9134174618","06/10/2024",,,,,
"7FJ316","MA","999","9134192578","06/15/2024",,,,,
"DM1922","FL","PAS","9134238360","06/06/2024",,,,,
"D59CMC","NJ","PAS","9134272458","06/18/2024",,,,,
"DNF5859","PA","PAS","9134278023","06/18/2024",,,,,
"GZX5451","PA","PAS","9134288960","06/18/2024",,,,,
"S1939638","GA","PAS","9134299142","06/18/2024",,,,,
"47149ND","NY","COM","9134312274","06/18/2024",,,,,
"XHNZ85","NJ","PAS","9134328932","06/26/2024",,,,,
"S1944517","GA","PAS","9134332388","06/23/2024",,,,,
"AH68130","AZ","PAS","9134339528","06/14/2024",,,,,
"KSP490","VT","PAS","9134353150","07/07/2024",,,,,
"1U24W2","TN","PAS","9134359229","07/02/2024",,,,,
"LCL4051","NY","PAS","9134436169","06/10/2024","05:29P","FIRE HYDRANT","020","NY","TRAFFIC"
"J49FHD","NJ","PAS","9134507838","06/07/2024",,,,,
"GK7724","WA","PAS","9134509290","06/10/2024",,,,,
"TLA4653","NC","PAS","9134554713","06/07/2024",,,,,
"S1943003","GA","PAS","9134557398","06/17/2024",,,,,
"852931T","NJ","PAS","9134583490","06/14/2024",,,,,
"MCF7668","PA","PAS","9134592003","06/13/2024",,,,,
"S1917577","GA","PAS","9134594036","06/19/2024",,,,,
"S17PTW","NJ","PAS","9134596793","07/01/2024",,,,,
"3051738","PA","PAS","9134664245","01/10/2025","06:38A","PLTFRM LFTS LWRD POS COMM VEH","014","NY","TRAFFIC"
"C291417","CT","PAS","9134783866","06/23/2024",,,,,
"H88PFL","FL","PAS","9134811461","06/11/2024",,,,,
"MD193X","FL","PAS","9134813597","06/18/2024",,,,,
"Z81YPW","QB","PAS","9134971580","06/23/2024",,,,,
"S1915470","GA","PAS","9135006596","06/02/2024",,,,,
"S1919687","GA","PAS","9135018070","06/11/2024",,,,,
"BCF4957","WA","PAS","9135045383","06/04/2024",,,,,
"89573CG","MD","PAS","9135046740","06/06/2024",,,,,
"L47REZ","NJ","PAS","9135100588","06/11/2024",,,,,
"AP89122","CT","PAS","9135156028","06/14/2024","03:10P","VIN OBSCURED","112","Q","TRAFFIC"
"JBD5150","TX","PAS","9135157719","06/22/2024",,,,,
"80285MN","NY","COM","9135213292","06/24/2024",,,,,
"UEF8101","VA","PAS","9135335713","06/04/2024",,,,,
"3298894","IN","PAS","9135372965","06/19/2024",,,,,
"D8798","DE","PAS","9135381190","06/10/2024",,,,,
"PC108416","DE","PAS","9135398620","07/16/2024",,,,,
"CQ16171","GA","PAS","9135423067","06/15/2024",,,,,
"ZSW3082","PA","PAS","9135466200","06/17/2024",,,,,
"4275336","IN","PAS","9135467721","06/25/2024",,,,,
"EC23870","IL","PAS","9135469341","07/05/2024",,,,,
"S1936398","GA","PAS","9135514826","07/06/2024",,,,,
"DV35781","IL","PAS","9135528667","06/20/2024",,,,,
"BLANKPLATE","99","999","9135542860","06/22/2024","11:21A","FIRE HYDRANT","052","BX","TRAFFIC"
"UAE6513","VA","PAS","9135553996","06/22/2024",,,,,
"RMM2845","GA","PAS","9135593799","07/03/2024",,,,,
"C157669","NJ","PAS","9135596855","06/13/2024",,,,,
"V31SUF","NJ","PAS","9135641046","06/11/2024",,,,,
"XNMR15","NJ","PAS","9135643481","06/18/2024",,,,,
"S2067473","GA","PAS","9135663224","10/22/2024","07:17A","FIRE HYDRANT","048","BX","TRAFFIC"
"BLANKPLATE","99","999","9135676966","06/12/2024","02:48P","NO STANDING-BUS LANE","052","BX","TRAFFIC"
"Z60SNZ","NJ","PAS","9135808184","07/12/2024",,,,,
"C312836","CT","CMB","9135845387","06/07/2024",,,,,
"DUS6803","NJ","PAS","9135885373","06/07/2024",,,,,
"LWP7036","PA","PAS","9135937695","06/18/2024",,,,,
"GPF2590","OH","PAS","9136023279","06/23/2024",,,,,
"LZW3086","PA","PAS","9136045792","06/15/2024",,,,,
"LYY9966","PA","PAS","9136084414","06/20/2024",,,,,
"5ELL57","MA","PAS","9136084992","06/21/2024",,,,,
"R86KEM","NJ","PAS","9136236263","06/17/2024",,,,,
"9704DME","NJ","PAS","9136260551","06/11/2024",,,,,
"BQN9933","TN","PAS","9136351374","07/10/2024",,,,,
"5EN6004","MD","PAS","9136374192","07/01/2024",,,,,
"T488023C","NY","OMT","9136411693","06/25/2024",,,,,
"1E9285","HI","PAS","9136448989","07/03/2024",,,,,
"S2170107","GA","PAS","9136467730","02/25/2025","07:53A","FIRE HYDRANT","050","BX","TRAFFIC"
"GWX0633","PA","PAS","9136498579","07/06/2024",,,,,
"RC8X7A","MO","PAS","9136512000","06/14/2024",,,,,
"G1292L","FL","PAS","9136534389","07/09/2024",,,,,
"LBU4986","NY","PAS","9136569422","07/11/2024","10:26A","FIRE HYDRANT","090","K","TRAFFIC"
"2865666","IN","PAS","9136586183","06/12/2024",,,,,
"H92UNH","NJ","PAS","9136596437","06/12/2024",,,,,
"AF46499","CT","999","9136605475","06/22/2024",,,,,
"3280279","IN","PAS","9136645485","11/01/2024","03:09P","DOUBLE PARKING","006","NY","TRAFFIC"
"BDY501","IN","PAS","9136661879","06/15/2024",,,,,
"AWGY88","MA","PAS","9136702018","06/28/2024",,,,,
"HZY2866","PA","PAS","9136707971","07/26/2024","02:34P","FIRE HYDRANT","025","NY","TRAFFIC"
"JFD5377","NY","PAS","9136750852","06/15/2024",,,,,
"G23UJJ","NJ","PAS","9136852156","06/25/2024",,,,,
"AT36120","CT","PAS","9136861741","06/19/2024",,,,,
"JE9671","WA","PAS","9136968365","07/14/2024",,,,,
"S1887254","GA","PAS","9137008432","06/18/2024",,,,,
"LKA3500","NY","PAS","9137013439","06/25/2024",,,,,
"LAU6091","NY","PAS","9137025703","06/14/2024","08:03A","CROSSWALK","047","BX","TRAFFIC"
"HEA5166","NC","PAS","9137026707","06/18/2024",,,,,
"E59MHN","NJ","PAS","9137041149","06/20/2024",,,,,
"YO22J","UT","PAS","9137081779","06/22/2024",,,,,
"EZJ424","GA","PAS","9137099036","07/06/2024",,,,,
"1A13RPB","AL","PAS","9137124092","07/24/2024","05:05P","FIRE HYDRANT","109","Q","TRAFFIC"
"P71HVZ","NJ","PAS","9137134231","06/29/2024",,,,,
"HCE644","NS","PAS","9137188227","07/02/2024",,,,,
"AU17291","CT","PAS","9137218906","07/06/2024",,,,,
"GZL278","SC","PAS","9137221516","07/06/2024",,,,,
"Y37BSS","NJ","PAS","9137243767","06/27/2024",,,,,
"784197T","NJ","PAS","9137278368","10/19/2024","09:21A","VIN OBSCURED","112","Q","TRAFFIC"
"P59AYX","NJ","PAS","9137280752","06/18/2024",,,,,
"KSH5819","OH","PAS","9137284393","08/08/2024","11:57A","FIRE HYDRANT","109","Q","TRAFFIC"
"6BUHT","FL","PAS","9137365812","07/08/2024",,,,,
"GFB4580","PA","PAS","9137391276","06/23/2024",,,,,
"S1925410","GA","PAS","9137410702","06/18/2024",,,,,
"GRS8225","PA","PAS","9137413090","06/27/2024",,,,,
"H86CLZ","NJ","PAS","9137414392","07/01/2024",,,,,
"FSD9845","QB","PAS","9137446198","06/24/2024",,,,,
"S1937066","GA","PAS","9137475770","06/23/2024",,,,,
"CKN972","MB","PAS","9137487036","06/26/2024",,,,,
"KZM5079","PA","PAS","9137490382","06/15/2024",,,,,
"8901117","NJ","PAS","9137500612","06/21/2024",,,,,
"FKY41","FL","PAS","9137557233","06/26/2024",,,,,
"7DK2164","MD","PAS","9137650154","06/19/2024",,,,,
"BAE","NY","ORG","9137688753","08/09/2024","10:28P","CROSSWALK","014","NY","TRAFFIC"
"3578893","IN","PAS","9137703900","09/03/2024","08:35A","NO STOPPING-DAY/TIME LIMITS","019","NY","TRAFFIC"
"S1934480","GA","PAS","9137750951","06/19/2024",,,,,
"BLANKPLATE","99","999","9137807870","07/15/2024","08:59A","FIRE HYDRANT","070","K","TRAFFIC"
"LXG3383","PA","PAS","9137837989","07/05/2024",,,,,
"JG3484","WA","PAS","9137843679","06/27/2024",,,,,
"SCH4659","TX","PAS","9137844684","07/01/2024",,,,,
"LZH5934","PA","PAS","9137864166","07/09/2024",,,,,
"JTE4671","PA","PAS","9137867295","06/27/2024",,,,,
"T783027C","NY","OMT","9137956681","06/27/2024","12:02P","DOUBLE PARKING","010","NY","TRAFFIC"
"P14SKZ","QB","PAS","9137969365","07/13/2024",,,,,
"R52RMZ","NJ","PAS","9137991401","06/21/2024",,,,,
"8EN4160","MD","PAS","9138000088","06/24/2024",,,,,
"TFN190B","NM","PAS","9138006005","09/21/2024","04:04P","FIRE HYDRANT","014","NY","TRAFFIC"
"953ZVO","CT","PAS","9138049284","07/07/2024",,,,,
"5091024","NH","PAS","9138057098","07/01/2024",,,,,
"B78NLW","NJ","PAS","9138064194","07/13/2024",,,,,
"NH752F","NJ","PAS","9138097242","07/22/2024",,,,,
"VZF2538","VA","PAS","9138137069","07/15/2024",,,,,
"F18UTB","NJ","PAS","9138174169","07/10/2024","07:18A","SIDEWALK","102","Q","TRAFFIC"
"AFK1635","WA","PAS","9138179600","08/13/2024","09:54A","FAIL TO DSPLY MUNI METER RECPT","107","Q","TRAFFIC"
"ZRE6706","PA","PAS","9138207722","07/15/2024",,,,,
"2AU152","SD","PAS","9138249285","07/13/2024",,,,,
"DQ71976","IL","PAS","9138272544","06/25/2024",,,,,
"KTN2506","NY","PAS","9138359534","11/19/2025","10:37A","FIRE HYDRANT","024","NY","TRAFFIC"
"CBZ6296","WA","PAS","9138367026","06/27/2024",,,,,
"TKX4196","VA","PAS","9138401137","07/12/2024","02:34P","BIKE LANE","048","BX","TRAFFIC"
"Q272369","OH","PAS","9138412792","07/17/2024",,,,,
"BA59039","IL","PAS","9138454269","09/18/2024","03:22P","VIN OBSCURED","066","K","TRAFFIC"
"WZV48H","NJ","PAS","9138467537","07/23/2024",,,,,
"BG373369","CT","999","9138504261","07/10/2024",,,,,
"2026654","IN","PAS","9138578554","07/09/2024",,,,,
"1E9285","HI","PAS","9138694748","07/27/2024","09:09A","FAIL TO DSPLY MUNI METER RECPT","020","NY","TRAFFIC"
"S09578H","OH","PAS","9138733249","07/05/2024",,,,,
"3JJG87","MA","999","9138782637","07/05/2024",,,,,
"37068N","VA","PAS","9138823263","07/09/2024",,,,,
"S91TAS","NJ","PAS","9138935533","07/02/2024",,,,,
"BLANKPLATE","99","999","9138957553","07/05/2024","02:14P","SAFETY ZONE","001","NY","TRAFFIC"
"A74MJG","NJ","PAS","9138989372","07/03/2024","01:21P","FIRE HYDRANT","025","NY","TRAFFIC"
"AP39993","CT","PAS","9139006438","06/29/2024",,,,,
"S1908307","GA","PAS","9139013170","06/26/2024",,,,,
"BG38415","CT","PAS","9139067282","07/17/2024",,,,,
"UJA5472","VA","PAS","9139082568","07/06/2024",,,,,
"00331S0","NJ","PAS","9139084899","07/17/2024",,,,,
"G36MMN","NJ","PAS","9139207651","07/11/2024",,,,,
"S1959270","GA","PAS","9139273933","07/14/2024",,,,,
"KRV5164","FL","PAS","9139282831","06/28/2024",,,,,
"PLO80Z","FL","PAS","9139382254","06/29/2024",,,,,
"30023753","NC","PAS","9139386156","07/02/2024",,,,,
"1DUT07","NJ","PAS","9139441155","07/02/2024",,,,,
"C67RJP","NJ","PAS","9139456195","06/25/2024",,,,,
"M42RSK","NJ","PAS","9139472486","07/27/2024","02:36P","EXPIRED MUNI METER","018","NY","TRAFFIC"
"YNU1998","VA","PAS","9139532562","07/15/2024",,,,,
"EPR7079","PA","PAS","9139533852","07/24/2024",,,,,
"TN110866","AL","PAS","9139546664","06/24/2024",,,,,
"LCG1683","NY","PAS","9139586959","07/03/2024",,,,,
"S1955211","GA","PAS","9139600038","06/26/2024",,,,,
"S1957186","GA","PAS","9139608270","07/12/2024",,,,,
"D7436","DE","PAS","9139617087","07/10/2024",,,,,
"MALIK","DE","PAS","9139630365","06/27/2024","08:00P","CROSSWALK","112","Q","TRAFFIC"
"CG18L60","CA","PAS","9139631928","07/04/2024",,,,,
"427034","RI","PAS","9139641879","06/28/2024",,,,,
"KATD0WG","PA","PAS","9139697290","08/01/2024","12:52P","FAIL TO DSPLY MUNI METER RECPT","017","NY","TRAFFIC"
"718QKQ","TN","PAS","9139700793","06/26/2024",,,,,
"3690PX","OR","PAS","9139701657","06/27/2024",,,,,
"BB37419","CT","PAS","9139703265","06/30/2024",,,,,
"4015807","ME","PAS","9139726101","09/07/2024","10:21A","DETACHED TRAILER","040","BX","TRAFFIC"
"X50KLV","NJ","PAS","9139734602","10/10/2024","05:57A","NO STANDING-DAY/TIME LIMITS","023","NY","TRAFFIC"
"NCN2581","PA","PAS","9139785191","06/26/2024",,,,,
"U670314","TN","PAS","9139807903","06/27/2024",,,,,
"TVX5676","VA","PAS","9139845783","08/02/2024","01:29P","FIRE HYDRANT","084","K","TRAFFIC"
"BJ63538","CT","PAS","9139858376","07/16/2024",,,,,
"MLR3698","PA","PAS","9139861806","07/24/2024",,,,,
"3171039B","IL","PAS","9139875386","07/12/2024",,,,,
"LYZ7667","PA","PAS","9139975083","07/11/2024",,,,,
"3663793","IN","PAS","9140000394","07/05/2024",,,,,
"S1936398","GA","PAS","9140012268","07/12/2024",,,,,
"0D285","RI","PAS","9140026802","08/02/2024","12:37P","NO PARKING-STREET CLEANING","023","NY","TRAFFIC"
"C295654","CT","CMB","9140051419","07/10/2024",,,,,
"99616MM","NY","COM","9140053015","07/23/2024","01:49P","DOUBLE PARKING","028","NY","TRAFFIC"
"179XCR","AR","PAS","9140060421","06/25/2024",,,,,
"KHH992","VT","PAS","9140063082","06/30/2024",,,,,
"XNY8113","PA","PAS","9140081450","06/30/2024",,,,,
"AE56213","AZ","PAS","9140243825","07/13/2024","01:03P","FIRE HYDRANT","114","Q","TRAFFIC"
"XHXH50","NJ","PAS","9140255499","07/01/2024",,,,,
"LRN484","MS","PAS","9140318539","07/17/2024",,,,,
"BLANKPLATE","99","999","9140374180","07/17/2024","12:12P","FRONT OR BACK PLATE MISSING","043","BX","TRAFFIC"
"JSNR84","FL","PAS","9140478660","07/09/2024",,,,,
"33108NA","NY","COM","9140499376","08/05/2024","08:17A","CROSSWALK","014","NY","TRAFFIC"
"KKA804","VT","PAS","9140652361","07/10/2024",,,,,
"S1945286","GA","PAS","9140659069","07/24/2024",,,,,
"273TB8","NY","MOT","9140673364","08/04/2024","11:44A","SIDEWALK","067","K","TRAFFIC"
"2603DE","CT","CMB","9140676250","07/09/2024",,,,,
"G1769M","FL","PAS","9140687314","07/23/2024",,,,,
"PT620G2","PA","PAS","9140701049","07/18/2024",,,,,
"A877635","IL","PAS","9140752185","07/10/2024",,,,,
"HPF8826","PA","PAS","9140799645","08/12/2024","07:05A","FIRE HYDRANT","025","NY","TRAFFIC"
"BG64565","CT","COM","9140817015","07/10/2024",,,,,
"5KEJ61","MA","PAS","9140819863","07/20/2024","01:41P","FIRE HYDRANT","020","NY","TRAFFIC"
"KHE9995","PA","PAS","9140880096","10/01/2024","06:44P","FIRE HYDRANT","067","K","TRAFFIC"
"AC3176","MS","PAS","9140904167","07/25/2024","09:06A","FIRE HYDRANT","083","K","TRAFFIC"
"G9841L","FL","PAS","9140905925","07/21/2024",,,,,
"1A0TXWU","AL","PAS","9140946290","07/05/2024",,,,,
"DH57750","IL","PAS","9140948365","07/13/2024",,,,,
"163126","DE","PAS","9141008698","07/18/2024",,,,,
"A530690","MS","PAS","9141015368","07/24/2024",,,,,
"K842554","IL","PAS","9141027670","07/12/2024",,,,,
"AW57807","CT","PAS","9141068488","08/11/2024","06:42A","FIRE HYDRANT","023","NY","TRAFFIC"
"DT76246","AL","PAS","9141102563","07/11/2024",,,,,
"S1956979","GA","PAS","9141120061","07/02/2024",,,,,
"J92VPL","NJ","PAS","9141193805","07/28/2025","05:52A","FIRE HYDRANT","107","Q","TRAFFIC"
"CGP1864","GA","PAS","9141231041","07/09/2024",,,,,
"HCT5533","OH","PAS","9141271117","07/06/2024",,,,,
"GKP5578","NY","PAS","9141273760","07/13/2024",,,,,
"P38PUP","NJ","PAS","9141305395","07/03/2024",,,,,
"17H26","IN","PAS","9141506121","07/10/2024",,,,,
"63225MK","NY","COM","9141544523","08/07/2024","09:25A","DOUBLE PARKING","006","NY","TRAFFIC"
"7AHLU9","CT","PAS","9141575611","07/09/2024",,,,,
"L60UDS","NJ","PAS","9141605081","07/03/2024",,,,,
"S1910785","GA","PAS","9141605159","07/04/2024",,,,,
"LKX7105","PA","PAS","9141637574","07/18/2024",,,,,
"312583","RI","PAS","9141648298","07/03/2024",,,,,
"LWV9076","PA","PAS","9141653233","07/10/2024",,,,,
"6X30C8","TN","PAS","9141686056","07/16/2024",,,,,
"LLJ2475","NY","PAS","9141735535","07/07/2024",,,,,
"572634","DE","PAS","9141752223","07/26/2024","12:38P","NO PARKING-STREET CLEANING","081","K","TRAFFIC"
"KJB8063","OH","PAS","9141760001","07/01/2024",,,,,
"D84SXJ","NJ","PAS","9141929081","07/17/2024",,,,,
"2LTG24","MA","PAS","9141964202","08/09/2024","08:51A","NO PARKING-STREET CLEANING","090","K","TRAFFIC"
"5187870","ME","PAS","9141968621","07/27/2024","07:11A","DETACHED TRAILER","105","Q","TRAFFIC"
"AH46598","PA","PAS","9141981078","07/13/2024",,,,,
"BLANKPLATE","99","999","9142012569","08/05/2024","07:03P","BIKE LANE","046","BX","TRAFFIC"
"AE66241","AZ","PAS","9142066580","07/22/2024","08:59A","DOUBLE PARKING","006","NY","TRAFFIC"
"XKYT98","NJ","PAS","9142081981","10/02/2024","10:11A","DOUBLE PARKING","006","NY","TRAFFIC"
"718QKQ","TN","PAS","9142107740","07/15/2024",,,,,
"XPVD90","NJ","PAS","9142133920","08/09/2024","11:01A","NO STANDING-BUS LANE","014","NY","TRAFFIC"
"S1949868","GA","PAS","9142177443","07/25/2024","12:37P","DOUBLE PARKING","019","NY","TRAFFIC"
"JLH6101","PA","PAS","9142314240","07/24/2024",,,,,
"RPM1497","GA","PAS","9142335530","07/16/2024",,,,,
"GPF2590","OH","PAS","9142338712","07/31/2024","10:23A","FIRE HYDRANT","013","NY","TRAFFIC"
"BQ31SY","FL","PAS","9142400788","07/10/2024",,,,,
"XME698","CT","DLR","9142414568","07/28/2024","12:03P","FIRE HYDRANT","019","NY","TRAFFIC"
"HKUU70","FL","PAS","9142481776","07/10/2024",,,,,
"MLZ8719","PA","PAS","9142566381","07/17/2024","12:17P","FIRE HYDRANT","102","Q","TRAFFIC"
"J72RXW","NJ","PAS","9142577706","08/10/2024","11:23A","DETACHED TRAILER","100","Q","TRAFFIC"
"THK3825","VA","PAS","9142592483","08/14/2024","09:12A","VIN OBSCURED","102","Q","TRAFFIC"
"AU17056","CT","PAS","9142621653","08/06/2024","03:14P","FIRE HYDRANT","109","Q","TRAFFIC"
"7639BFO","AL","PAS","9142641287","07/15/2024",,,,,
"A99KCN","NJ","PAS","9142696987","07/26/2024","08:40A","FIRE HYDRANT","006","NY","TRAFFIC"
"BLANKPLATE","99","999","9142730843","07/23/2024","09:24P","FRONT OR BACK PLATE MISSING","014","NY","TRAFFIC"
"99616MM","NY","COM","9142782030","07/22/2024","06:07P","DOUBLE PARKING","028","NY","TRAFFIC"
"JVE2035","PA","PAS","9142785583","07/13/2024",,,,,
"CQ60881","IL","PAS","9142792101","07/26/2024","02:57P","EXPIRED MUNI METER","023","NY","TRAFFIC"
"LNN9400","PA","PAS","9142800213","07/11/2024",,,,,
"S1689311","GA","PAS","9142830473","07/09/2024",,,,,
"S1945286","GA","PAS","9142851210","08/13/2024","01:35P","FIRE HYDRANT","043","BX","TRAFFIC"
"RLTU02","FL","PAS","9142874798","07/12/2024",,,,,
"TBU54T","NJ","PAS","9142925678","07/13/2024",,,,,
"S1920032","GA","PAS","9142947820","08/03/2024","07:54A","NO PARKING-STREET CLEANING","046","BX","TRAFFIC"
"MHD5749","PA","PAS","9142951318","07/21/2024","08:24A","FIRE HYDRANT","047","BX","TRAFFIC"
"MCM9370","PA","PAS","9143013247","07/24/2024",,,,,
"HLF7061","NY","PAS","9143077950","08/02/2024","08:18A","NO PARKING-STREET CLEANING","044","BX","TRAFFIC"
"IZ","FL","PAS","9143089963","08/09/2024","02:04P","SAFETY ZONE","049","BX","TRAFFIC"
"S1866521","GA","PAS","9143100272","07/09/2024",,,,,
"PANCHOO","NY","SRF","9143164286","08/05/2024","07:43A","FIRE HYDRANT","102","Q","TRAFFIC"
"LAV7256","NY","PAS","9143174358","08/13/2024","11:19A","FIRE HYDRANT","102","Q","TRAFFIC"
"S42HLR","NJ","PAS","9143187699","07/27/2024","07:44A","NO PARKING-STREET CLEANING","109","Q","TRAFFIC"
"957193T","NJ","PAS","9143223114","07/26/2024","04:29P","FIRE HYDRANT","001","NY","TRAFFIC"
"MCX3761","PA","PAS","9143277100","07/27/2024","09:21A","FIRE HYDRANT","072","K","TRAFFIC"
"BLANKPLATE","99","999","9143298564","08/20/2024","11:26A","SIDEWALK","071","K","TRAFFIC"
"8BGW145","ID","PAS","9143305131","07/18/2024",,,,,
"HKH1265","PA","PAS","9143346868","07/25/2024","01:56P","FIRE HYDRANT","005","NY","TRAFFIC"
"311AC0","SC","PAS","9143354403","07/25/2024","08:04A","NO STANDING-COMM METER ZONE","014","NY","TRAFFIC"
"TMM8819","VA","PAS","9143430934","07/25/2024","10:42A","TRAFFIC LANE","001","NY","TRAFFIC"
"17H2072","CA","PAS","9143431598","07/31/2024","12:19P","SAFETY ZONE","001","NY","TRAFFIC"
"36544","CT","TMP","9143474706","08/06/2024","01:28P","FIRE HYDRANT","026","NY","TRAFFIC"
"JCE8682","OH","PAS","9143498243","08/13/2024","09:20A","DOUBLE PARKING","045","BX","TRAFFIC"
"R891901","IN","PAS","9143591917","08/08/2024","02:08P","FIRE HYDRANT","109","Q","TRAFFIC"
"BG64742","CT","COM","9143627201","07/23/2024",,,,,
"A97PVT","NJ","PAS","9143649415","08/23/2024","12:35P","FAIL TO DSPLY MUNI METER RECPT","010","NY","TRAFFIC"
"B93RRS","NJ","PAS","9143660009","07/13/2024",,,,,
"T87SKA","NJ","PAS","9143664763","09/04/2024","12:37P","FIRE HYDRANT","005","NY","TRAFFIC"
"601255","NE","PAS","9143726525","07/31/2024","10:58A","NO STANDING-BUS STOP","033","NY","TRAFFIC"
"DT34850","AL","PAS","9143731090","09/21/2024","07:38A","DOUBLE PARKING","028","NY","TRAFFIC"
"S1929208","GA","PAS","9143745854","07/16/2024",,,,,
"B11SAY","NJ","PAS","9143774532","07/24/2024",,,,,
"VMS901","SC","PAS","9143821388","07/30/2024","09:24A","NO PARKING-STREET CLEANING","075","K","TRAFFIC"
"KVE4781","PA","PAS","9143840530","07/18/2024",,,,,
"LND3023","NY","PAS","9143899377","09/18/2024","02:52P","FRONT OR BACK PLATE MISSING","114","Q","TRAFFIC"
"2463970","ME","PAS","9143902418","10/05/2024","11:21A","DETACHED TRAILER","108","Q","TRAFFIC"
"5301641","ME","PAS","9143962968","08/23/2024","04:49P","DETACHED TRAILER","017","NY","TRAFFIC"
"X17RVT","NJ","PAS","9143989007","08/01/2024","03:01P","NO STANDING-COMM METER ZONE","018","NY","TRAFFIC"
"LWC1469","PA","PAS","9144070998","07/20/2024",,,,,
"LYL740","MS","PAS","9144077336","07/24/2024",,,,,
"SOMEONEE","NY","SRF","9144097815","08/05/2024","08:12A","SIDEWALK","102","Q","TRAFFIC"
"MRJ0461","TX","PAS","9144127108","07/25/2024","07:15A","FIRE HYDRANT","104","Q","TRAFFIC"
"TPU2184","VA","PAS","9144134332","08/11/2024","00:52A","FIRE HYDRANT","104","Q","TRAFFIC"
"76DMDB","FL","PAS","9144136523","07/30/2024","02:33P","CROSSWALK","109","Q","TRAFFIC"
"XPFA48","NJ","PAS","9144181814","08/02/2024","09:29A","NO STANDING-BUS LANE","009","NY","TRAFFIC"
"BM49DG","FL","PAS","9144238095","07/22/2025","05:31P","NO STANDING-COMM METER ZONE","013","NY","TRAFFIC"
"538HWO","MA","PAS","9144302484","12/10/2024","08:39A","NO PARKING-STREET CLEANING","019","NY","TRAFFIC"
"414KE","NJ","PAS","9144328114","07/31/2024","11:07A","NO PARKING-DAY/TIME LIMITS","046","BX","TRAFFIC"
"3AX9906","MD","PAS","9144331770","07/20/2024",,,,,
"S2008992","GA","PAS","9144338132","09/04/2024","07:47A","FIRE HYDRANT","052","BX","TRAFFIC"
"RJK9797","NC","PAS","9144343218","08/28/2024","03:04A","FIRE HYDRANT","042","BX","TRAFFIC"
"KTP6875","PA","PAS","9144351501","07/26/2024","04:05P","FIRE HYDRANT","046","BX","TRAFFIC"
"S1983257","GA","PAS","9144363576","08/31/2024","08:26A","FIRE HYDRANT","048","BX","TRAFFIC"
"GNP4242","PA","PAS","9144367703","07/22/2024",,,,,
"S1824633","GA","PAS","9144381001","07/30/2024","01:32P","FIRE HYDRANT","061","K","TRAFFIC"
"ZVD5579","PA","PAS","9144393799","08/04/2024","02:24P","FIRE HYDRANT","066","K","TRAFFIC"
"UFJ7297","VA","PAS","9144416015","07/18/2024",,,,,
"LEL7956","NY","PAS","9144421564","08/09/2024","12:58P","FIRE HYDRANT","090","K","TRAFFIC"
"P41LD","NJ","PAS","9144509443","09/05/2024","07:36A","NO PARKING-STREET CLEANING","014","NY","TRAFFIC"
"YARY87","OR","PAS","9144531187","07/24/2024",,,,,
"46500NE","NY","COM","9144547420","08/15/2024","05:27P","NO STANDING-DAY/TIME LIMITS","014","NY","TRAFFIC"
"K60928K","PA","PAS","9144616739","07/26/2024","02:06A","CROSSWALK","052","BX","TRAFFIC"
"LJF5601","PA","PAS","9144639570","07/30/2024","06:40A","CROSSWALK","044","BX","TRAFFIC"
"FXD2869","NY","PAS","9144706194","07/30/2024","09:24A","NO PARKING-STREET CLEANING","102","Q","TRAFFIC"
"X202005","IL","PAS","9144750274","07/22/2024",,,,,
"449WJV","CT","PAS","9144775891","07/30/2024","02:08P","FIRE HYDRANT","001","NY","TRAFFIC"
"933252T","NJ","PAS","9144804672","08/17/2024","01:09P","FIRE HYDRANT","052","BX","TRAFFIC"
"ZWC0009","PA","PAS","9144827659","08/16/2024","02:05P","FIRE HYDRANT","049","BX","TRAFFIC"
"U50LXU","NJ","PAS","9144863408","08/06/2024","01:48P","FIRE HYDRANT","108","Q","TRAFFIC"
"AZ13534","AZ","PAS","9144901471","08/02/2024","12:00P","NO PARKING-STREET CLEANING","023","NY","TRAFFIC"
"BC68621","CT","PAS","9144918896","08/25/2024","12:13P","FIRE HYDRANT","049","BX","TRAFFIC"
"ZVV6087","PA","PAS","9144945553","07/21/2024",,,,,
"1AG73R","MA","APP","9144973240","08/08/2024","06:56A","DOUBLE PARKING","014","NY","TRAFFIC"
"HZY2866","PA","PAS","9145001285","07/28/2024","11:48A","FIRE HYDRANT","025","NY","TRAFFIC"
"30968JX3","NY","COM","9145007380","07/29/2024","06:37P","DOUBLE PARKING","019","NY","TRAFFIC"
"BR32308","CT","CMB","9145008887","08/02/2024","12:32P","NO STANDING-EXC. TRUCK LOADING","019","NY","TRAFFIC"
"LXZ3086","PA","PAS","9145057229","08/04/2024","07:40A","FIRE HYDRANT","046","BX","TRAFFIC"
"TKX4486","VA","PAS","9145061634","08/03/2024","11:27A","FIRE HYDRANT","052","BX","TRAFFIC"
"TAG4394","VA","PAS","9145068940","10/08/2025","02:46P","FIRE HYDRANT","045","BX","TRAFFIC"
"56BETR","FL","PAS","9145099870","08/01/2024","07:38A","FIRE HYDRANT","073","K","TRAFFIC"
"LRK9624","PA","PAS","9145149057","08/15/2024","04:54P","EXPIRED MUNI METER","114","Q","TRAFFIC"
"0AMAE3","CT","PAS","9145155070","07/24/2024",,,,,
"LGX7549","NY","PAS","9145176085","08/09/2024","10:20A","FIRE HYDRANT","109","Q","TRAFFIC"
"XNMH94","NJ","PAS","9145232921","08/03/2024","06:22P","FAIL TO DSPLY MUNI METER RECPT","009","NY","TRAFFIC"
"C350725","CT","CMB","9145273066","11/29/2024","06:09P","NO STANDING-DAY/TIME LIMITS","018","NY","TRAFFIC"
"714UHS","CT","999","9145325844","08/02/2024","12:41P","FIRE HYDRANT","046","BX","TRAFFIC"
"RDM4193","TX","PAS","9145378630","08/21/2024","12:23P","VIN OBSCURED","070","K","TRAFFIC"
"DTD5088","PA","PAS","9145409754","08/09/2024","06:50A","NO STANDING-DAY/TIME LIMITS","075","K","TRAFFIC"
"UGY6459","VA","PAS","9145485094","07/26/2024","12:08P","FIRE HYDRANT","110","Q","TRAFFIC"
"LKA3385","NY","PAS","9145492335","08/15/2024","11:58A","DOUBLE PARKING","114","Q","TRAFFIC"
"T82UUK","NJ","PAS","9145494083","09/19/2024","02:21P","FIRE HYDRANT","115","Q","TRAFFIC"
"AU17123","CT","PAS","9145506103","08/02/2024","12:26P","FIRE HYDRANT","013","NY","TRAFFIC"
"925BRB","NY","MOT","9145559806","09/13/2024","10:30A","SIDEWALK","010","NY","TRAFFIC"
"S1963031","GA","PAS","9145600302","07/25/2024","02:41P","FIRE HYDRANT","033","NY","TRAFFIC"
"LNN3938","PA","PAS","9145643829","08/13/2024","07:40A","SAFETY ZONE","023","NY","TRAFFIC"
"H52KSC","NJ","PAS","9145649777","08/30/2024","01:03P","DOUBLE PARKING","052","BX","TRAFFIC"
"B89DMS","NJ","PAS","9145664602","08/26/2024","10:10A","DOUBLE PARKING","066","K","TRAFFIC"
"BB98279","CT","999","9145696561","07/30/2024","09:30P","FIRE HYDRANT","060","K","TRAFFIC"
"S58SMZ","NJ","PAS","9145760731","07/29/2024","04:55P","EXPIRED MUNI METER","114","Q","TRAFFIC"
"RKIJ20","FL","PAS","9145830770","07/30/2024","01:51P","NO STANDING-COMM METER ZONE","018","NY","TRAFFIC"
"AB06961","CT","COM","9145873380","08/21/2024","11:35A","EXPIRED MUNI METER","019","NY","TRAFFIC"
"LXZ5216","PA","PAS","9145910741","07/30/2024","11:54A","NO PARKING-STREET CLEANING","044","BX","TRAFFIC"
"S1988244","GA","PAS","9145920527","08/14/2024","09:41A","NO STOPPING-DAY/TIME LIMITS","048","BX","TRAFFIC"
"FJA0820","PA","PAS","9145956066","08/05/2024","01:44P","WRONG WAY","078","K","TRAFFIC"
"574VR8","MA","999","9145973714","08/10/2024","09:31A","FAIL TO DSPLY MUNI METER RECPT","061","K","TRAFFIC"
"C57CHP","NJ","PAS","9146064242","08/14/2024","04:53P","NO PARKING-DAY/TIME LIMITS","103","Q","TRAFFIC"
"AH37133","AZ","PAS","9146110562","07/31/2024","02:29P","FIRE HYDRANT","109","Q","TRAFFIC"
"L69FXM","NJ","PAS","9146165174","08/13/2024","02:24P","FIRE HYDRANT","019","NY","TRAFFIC"
"KYH2486","NY","PAS","9146168771","09/07/2024","03:24P","FIRE HYDRANT","028","NY","TRAFFIC"
"ER39540","IL","PAS","9146231043","08/02/2024","07:07A","CROSSWALK","104","Q","TRAFFIC"
"CF23125","NY","TRL","9146234998","08/15/2024","11:04A","DETACHED TRAILER","101","Q","TRAFFIC"
"C73JEC","NJ","PAS","9146278928","09/14/2024","08:20A","FIRE HYDRANT","045","BX","TRAFFIC"
"AVF4262","WA","PAS","9146282543","08/13/2024","09:05A","FIRE HYDRANT","049","BX","TRAFFIC"
"XKZB20","NJ","PAS","9146322190","08/15/2024","02:01P","NO PARKING-DAY/TIME LIMITS","006","NY","TRAFFIC"
"90527NC","NY","COM","9146328907","08/14/2024","09:29A","DOUBLE PARKING","009","NY","TRAFFIC"
"LTH6207","PA","PAS","9146336904","08/15/2024","12:16P","NO STANDING-EXC. TRUCK LOADING","006","NY","TRAFFIC"
"TTJ4274","NC","PAS","9146414630","08/17/2024","08:57A","FAIL TO DSPLY MUNI METER RECPT","025","NY","TRAFFIC"
"83480PC","NY","APP","9146416663","08/02/2024","01:10P","BIKE LANE","028","NY","TRAFFIC"
"ENF0128","PA","PAS","9146539402","08/24/2024","11:57A","FIRE HYDRANT","122","R","TRAFFIC"
"17906NE","NY","COM","9146561468","08/02/2024","09:12A","SIDEWALK","102","Q","TRAFFIC"
"NXYL63","NJ","PAS","9146627327","08/07/2024","01:11P","DOUBLE PARKING","005","NY","TRAFFIC"
"PR5789D","PA","PAS","9146632657","08/30/2024","12:41P","NO STANDING-COMM METER ZONE","001","NY","TRAFFIC"
"AOA02C7","AL","PAS","9146645809","08/07/2024","04:41P","NO STANDING-DAY/TIME LIMITS","018","NY","TRAFFIC"
"0337RF","MI","PAS","9146656613","08/05/2024","02:24P","NO STANDING-COMM METER ZONE","018","NY","TRAFFIC"
"USV51E","NJ","PAS","9146671444","08/13/2024","02:39P","NO PARKING-DAY/TIME LIMITS","114","Q","TRAFFIC"
"ZKG7371","NY","PAS","9146720017","08/31/2024","03:30A","FIRE HYDRANT","044","BX","TRAFFIC"
"2JA313","SD","PAS","9146736578","08/14/2024","08:21A","FIRE HYDRANT","067","K","TRAFFIC"
"L15SFG","NJ","PAS","9146837036","08/12/2024","09:44A","CROSSWALK","103","Q","TRAFFIC"
"A550562","IL","PAS","9146894664","09/17/2024","11:22A","NO PARKING-STREET CLEANING","109","Q","TRAFFIC"
"V25140","MA","COM","9146903331","08/15/2024","02:20P","BIKE LANE","006","NY","TRAFFIC"
"54243MN","NY","COM","9146907506","08/10/2024","02:30P","DOUBLE PARKING","009","NY","TRAFFIC"
"43Z189","SD","PAS","9146928364","08/15/2024","09:29A","VIN OBSCURED","010","NY","TRAFFIC"
"MFY1990","PA","PAS","9146948065","08/20/2024","01:05P","EXPIRED MUNI METER","007","NY","TRAFFIC"
"BH11355","CT","PAS","9146955537","08/05/2024","12:30P","FIRE HYDRANT","014","NY","TRAFFIC"
"5985","NJ","PAS","9146962645","08/09/2024","04:23P","MISUSE PARKING PERMIT","018","NY","TRAFFIC"
"1ALN73U","ID","PAS","9147011040","10/03/2024","01:38A","FIRE HYDRANT","010","NY","TRAFFIC"
"S1965147","GA","PAS","9147030033","07/31/2024","06:53A","FIRE HYDRANT","050","BX","TRAFFIC"
"Z996169","NJ","PAS","9147034282","08/12/2024","05:34A","FIRE HYDRANT","041","BX","TRAFFIC"
"S1972973","GA","PAS","9147040051","07/30/2024","06:55A","VIN OBSCURED","067","K","TRAFFIC"
"5Z0K513","CA","PAS","9147062551","08/22/2024","03:03P","NO STANDING-EXC. TRUCK LOADING","094","K","TRAFFIC"
"Y022J","UT","PAS","9147080840","08/01/2024","12:20P","FIRE HYDRANT","077","K","TRAFFIC"
"L8DRE","FL","PAS","9147151250","09/08/2024","06:45A","FIRE HYDRANT","013","NY","TRAFFIC"
"RD0001","MT","PAS","9147152450","09/21/2024","01:21P","FIRE HYDRANT","013","NY","TRAFFIC"
"68785M","ND","PAS","9147183883","08/27/2024","09:21A","NO STANDING-COMM METER ZONE","018","NY","TRAFFIC"
"VZ489","RI","PAS","9147235100","08/01/2024","10:07A","NO STANDING-DAY/TIME LIMITS","023","NY","TRAFFIC"
"DB91658","NC","PAS","9147272338","07/31/2024","11:25A","DETACHED TRAILER","042","BX","TRAFFIC"
"5235V43","TX","PAS","9147276642","08/15/2024","01:03P","FIRE HYDRANT","049","BX","TRAFFIC"
"2692539","IL","PAS","9147322470","08/29/2024","03:12P","VIN OBSCURED","062","K","TRAFFIC"
"LGN3897","PA","PAS","9147445300","08/05/2024","11:14A","NO PARKING-STREET CLEANING","009","NY","TRAFFIC"
"TGZ7559","VA","PAS","9147453849","08/22/2024","05:51P","NO STANDING-COMM METER ZONE","014","NY","TRAFFIC"
"G5596L","FL","PAS","9147474026","08/20/2024","08:38A","NO PARKING-STREET CLEANING","006","NY","TRAFFIC"
"713UHS","CT","PAS","9147477039","08/09/2024","02:09P","FIRE HYDRANT","007","NY","TRAFFIC"
"3580377","IN","PAS","9147494130","08/23/2024","08:22A","DOUBLE PARKING","001","NY","TRAFFIC"
"W86NCY","NJ","PAS","9147570374","08/07/2024","11:00A","VIN OBSCURED","043","BX","TRAFFIC"
"5401862","ME","PAS","9147591870","08/06/2024","03:37P","DETACHED TRAILER","052","BX","TRAFFIC"
"T00JQF","FL","PAS","9147598300","09/11/2024","03:11A","FIRE HYDRANT","067","K","TRAFFIC"
"LBZ5876","NY","PAS","9147643766","01/16/2026","04:14P","FIRE HYDRANT","083","K","TRAFFIC"
"LC25420","DE","PAS","9147672869","08/16/2024","09:34P","CROSSWALK","113","Q","TRAFFIC"
"K36MHV","NJ","PAS","9147708566","08/13/2024","11:53A","NO PARKING-DAY/TIME LIMITS","115","Q","TRAFFIC"
"LSM3669","PA","PAS","9147739496","08/31/2024","02:04P","FIRE HYDRANT","001","NY","TRAFFIC"
"BLANKPLATE","99","999","9147789220","09/20/2024","12:04P","NO PARKING-STREET CLEANING","048","BX","TRAFFIC"
"JZP28F","NJ","PAS","9147815279","08/03/2024","07:05A","SIDEWALK","102","Q","TRAFFIC"
"7XQX193","CA","PAS","9147820366","08/17/2024","08:28A","FIRE HYDRANT","100","Q","TRAFFIC"
"D31120K","AL","PAS","9147838863","09/14/2024","08:43A","FAIL TO DSPLY MUNI METER RECPT","103","Q","TRAFFIC"
"MNY1537","PA","PAS","9147848571","08/15/2024","11:25A","FAIL TO DSPLY MUNI METER RECPT","104","Q","TRAFFIC"
"1UL643","WV","PAS","9147918081","09/11/2024","02:06P","FIRE HYDRANT","106","Q","TRAFFIC"
"REQ9381","GA","PAS","9147969878","08/20/2024","03:27P","FAIL TO DSPLY MUNI METER RECPT","005","NY","TRAFFIC"
"5511B","NY","COM","9147975623","08/08/2024","04:05P","NO STANDING-DAY/TIME LIMITS","001","NY","TRAFFIC"
"XQYX34","NJ","PAS","9147979161","08/23/2024","02:23P","SAFETY ZONE","005","NY","TRAFFIC"
"XHER75","NJ","PAS","9147983814","08/29/2024","01:58P","FRONT OR BACK PLATE MISSING","014","NY","TRAFFIC"
"U67SFN","NJ","PAS","9148030004","08/05/2024","10:43A","CROSSWALK","026","NY","TRAFFIC"
"BN75316","IL","PAS","9148062169","08/17/2024","06:38A","FIRE HYDRANT","023","NY","TRAFFIC"
"XHXH50","NJ","PAS","9148063540","08/22/2024","01:13P","FAIL TO DSPLY MUNI METER RECPT","020","NY","TRAFFIC"
"BLANKPLATE","99","999","9148080755","08/12/2024","01:59P","NO STANDING-BUS STOP","052","BX","TRAFFIC"
"MDS9084","PA","PAS","9148087166","08/15/2024","12:43P","FIRE HYDRANT","046","BX","TRAFFIC"
"NHWI81","FL","PAS","9148097354","08/12/2024","08:20A","FIRE HYDRANT","071","K","TRAFFIC"
"BH82308","NY","TRL","9148097950","08/13/2024","06:25A","DETACHED TRAILER","071","K","TRAFFIC"
"573ZNY","CT","PAS","9148211552","08/10/2024","01:04P","FIRE HYDRANT","001","NY","TRAFFIC"
"P80ZY0","NJ","PAS","9148241910","08/14/2024","10:48A","FIRE HYDRANT","024","NY","TRAFFIC"
"MFG2832","PA","PAS","9148255051","08/07/2024","09:23A","FAIL TO DSPLY MUNI METER RECPT","020","NY","TRAFFIC"
"T730995C","NY","OMT","9148277848","08/17/2024","07:46A","FIRE HYDRANT","028","NY","TRAFFIC"
"LSL4275","PA","PAS","9148307361","08/26/2024","07:03A","FIRE HYDRANT","046","BX","TRAFFIC"
"PG529R","FL","PAS","9148331892","08/06/2024","06:21A","FIRE HYDRANT","062","K","TRAFFIC"
"4LWW15","MA","999","9148333694","08/08/2024","07:08A","FIRE HYDRANT","062","K","TRAFFIC"
"QFC2810","GA","PAS","9148343195","08/04/2024","09:12A","FIRE HYDRANT","067","K","TRAFFIC"
"S45RPA","NJ","PAS","9148350072","08/06/2024","11:49A","FIRE HYDRANT","067","K","TRAFFIC"
"S1997047","GA","PAS","9148362153","09/13/2024","01:46P","NO STANDING-BUS STOP","076","K","TRAFFIC"
"JRE6480","NY","PAS","9148376887","08/23/2024","02:33P","VIN OBSCURED","084","K","TRAFFIC"
"5148216","ME","PAS","9148391610","08/22/2024","01:03P","DETACHED TRAILER","075","K","TRAFFIC"
"5YHP767","CA","PAS","9148407070","10/01/2024","05:26A","SAFETY ZONE","112","Q","TRAFFIC"
"PNB6533","MS","PAS","9148411220","08/23/2024","01:37P","VIN OBSCURED","103","Q","TRAFFIC"
"C335524","CT","CMB","9148484507","08/28/2024","10:34A","FAIL TO DISP. MUNI METER RECPT","013","NY","TRAFFIC"
"54BH196","AL","PAS","9148505602","08/08/2024","05:04P","VIN OBSCURED","018","NY","TRAFFIC"
"46500NE","NY","COM","9148507337","08/15/2024","02:12P","NO STANDING-DAY/TIME LIMITS","014","NY","TRAFFIC"
"G1445M","FL","PAS","9148519674","08/26/2024","05:38A","CROSSWALK","032","NY","TRAFFIC"
"UEX5281","VA","PAS","9148544668","08/25/2024","07:22A","FIRE HYDRANT","028","NY","TRAFFIC"
"MBG0765","PA","PAS","9148575215","08/07/2024","08:00A","DOUBLE PARKING","046","BX","TRAFFIC"
"AJ02516","CT","PAS","9148594120","08/28/2024","08:41A","FIRE HYDRANT","043","BX","TRAFFIC"
"BC19840","CT","PAS","9148602383","08/15/2024","10:10P","FIRE HYDRANT","047","BX","TRAFFIC"
"F22UPL","NJ","PAS","9148671563","08/09/2024","03:07P","DOUBLE PARKING","068","K","TRAFFIC"
"XW422","CT","DLR","9148701579","05/18/2025","03:40P","FIRE HYDRANT","084","K","TRAFFIC"
"AW790Z","NJ","PAS","9148859412","08/22/2024","09:43A","SAFETY ZONE","006","NY","TRAFFIC"
"198ZDA","CT","PAS","9148896020","08/23/2024","09:15P","VIN OBSCURED","018","NY","TRAFFIC"
"A99KCN","NJ","PAS","9148904594","09/10/2024","02:48P","NO STANDING-TAXI STAND","018","NY","TRAFFIC"
"2589H65","TX","PAS","9148938488","10/23/2024","06:58A","FIRE HYDRANT","049","BX","TRAFFIC"
"LVS1349","PA","PAS","9149029708","09/13/2024","08:56A","NO PARKING-STREET CLEANING","103","Q","TRAFFIC"
"KNF4590","PA","PAS","9149032161","08/25/2024","07:41A","VIN OBSCURED","106","Q","TRAFFIC"
"66975NB","NY","COM","9149051015","08/14/2024","02:17P","DOUBLE PARKING","115","Q","TRAFFIC"
"RPM1497","GA","PAS","9149111589","08/21/2024","02:43P","VIN OBSCURED","010","NY","TRAFFIC"
"J24580","VA","PAS","9149122769","08/19/2024","03:36P","FIRE HYDRANT","023","NY","TRAFFIC"
"EWAR27","FL","PAS","9149135260","08/14/2024","02:13P","EXPIRED MUNI METER","019","NY","TRAFFIC"
"5115342","ME","PAS","9149268351","08/25/2024","08:41A","DETACHED TRAILER","105","Q","TRAFFIC"
"7CB4280","MD","PAS","9149294404","09/13/2024","04:59P","CROSSWALK","109","Q","TRAFFIC"
"JG6798","WA","PAS","9149301251","08/20/2024","04:01P","NO STANDING-EXC. TRUCK LOADING","108","Q","TRAFFIC"
"MMT6614","PA","PAS","9149407259","08/19/2024","02:28P","FIRE HYDRANT","094","K","TRAFFIC"
"W73","NJ","PAS","9149523338","10/14/2024","01:00P","NO STANDING-COMM METER ZONE","001","NY","TRAFFIC"
"LLK1308","NY","PAS","9149566090","08/18/2024","07:10A","REG. STICKER-EXPIRED/MISSING","019","NY","TRAFFIC"
"SCQ1846","GA","PAS","9149585745","08/16/2024","02:02P","FAIL TO DSPLY MUNI METER RECPT","028","NY","TRAFFIC"
"FGR378","VT","PAS","9149615117","08/07/2024","08:45A","DOUBLE PARKING","046","BX","TRAFFIC"
"LND7905","PA","PAS","9149615579","08/08/2024","02:25A","FIRE HYDRANT","044","BX","TRAFFIC"
"AA699L","NJ","PAS","9149675989","08/21/2024","09:43A","NO PARKING-STREET CLEANING","102","Q","TRAFFIC"
"LLL951","MS","PAS","9149695034","08/15/2024","09:22A","FAIL TO DSPLY MUNI METER RECPT","115","Q","TRAFFIC"
"750WWL","CT","PAS","9149732924","12/06/2024","05:24A","FIRE HYDRANT","115","Q","TRAFFIC"
"K60URK","NJ","PAS","9149827492","08/24/2024","05:52P","FAIL TO DSPLY MUNI METER RECPT","009","NY","TRAFFIC"
"6EEYAA","NY","PAS","9149859213","09/01/2024","12:48P","FIRE HYDRANT","019","NY","TRAFFIC"
"S2003509","GA","PAS","9149878232","08/28/2024","10:25A","FIRE HYDRANT","033","NY","TRAFFIC"
"49329","NY","COM","9149900365","02/25/2025","02:52P","DOUBLE PARKING","019","NY","TRAFFIC"
"3714401","IN","PAS","9150137554","08/22/2024","01:38P","NO STANDING-BUS LANE","014","NY","TRAFFIC"
"2640766","ME","PAS","9150192115","09/02/2024","01:45P","DETACHED TRAILER","042","BX","TRAFFIC"
"775HD","AL","PAS","9150193016","09/05/2024","03:34P","NO STANDING-BUS STOP","048","BX","TRAFFIC"
"BLANKPLATE","99","999","9150240109","08/12/2024","01:19P","SIDEWALK","077","K","TRAFFIC"
"NUH119","IA","PAS","9150277108","08/21/2024","04:15P","NO STANDING-DAY/TIME LIMITS","108","Q","TRAFFIC"
"C350745","CT","CMB","9150358364","09/05/2024","10:47A","NO STANDING-BUS STOP","018","NY","TRAFFIC"
"S3514279","GA","PAS","9150436338","08/20/2024","03:20P","FIRE HYDRANT","047","BX","TRAFFIC"
"JYD6692","PA","PAS","9150477821","08/27/2024","07:35A","FIRE HYDRANT","061","K","TRAFFIC"
"21TY52","NY","MOT","9150535444","08/13/2024","11:16P","SIDEWALK","081","K","TRAFFIC"
"XLN3800","PA","PAS","9150548761","10/02/2024","06:03P","DETACHED TRAILER","122","R","TRAFFIC"
"7964N01","TX","PAS","9150555704","08/22/2024","07:21A","OBSTRUCTING DRIVEWAY","106","Q","TRAFFIC"
"S2009078","GA","PAS","9150569727","09/17/2024","10:07A","NO PARKING-STREET CLEANING","112","Q","TRAFFIC"
"PZVE07","FL","PAS","9150604004","09/04/2024","03:28P","NO STANDING-COMM METER ZONE","013","NY","TRAFFIC"
"4247172","PA","PAS","9150648925","09/16/2024","01:11P","NO STANDING-DAY/TIME LIMITS","014","NY","TRAFFIC"
"EQL8254","MI","PAS","9150654822","09/20/2024","04:53P","NO STANDING EXCP D/S","018","NY","TRAFFIC"
"C105EK","GA","PAS","9150663203","08/29/2024","12:01P","NO STANDING-DAY/TIME LIMITS","017","NY","TRAFFIC"
"JCZ7858","PA","PAS","9150670001","08/19/2024","05:53A","FIRE HYDRANT","026","NY","TRAFFIC"
"973995T","NJ","PAS","9150677070","08/19/2024","02:27P","FIRE HYDRANT","033","NY","TRAFFIC"
"WY9247","MS","PAS","9150716426","08/29/2024","03:24P","BIKE LANE","052","BX","TRAFFIC"
"TSG1419","NY","PAS","9150887130","09/07/2024","11:10A","REG. STICKER-EXPIRED/MISSING","019","NY","TRAFFIC"
"764PPR","TN","PAS","9150912010","08/21/2024","06:38A","BIKE LANE","041","BX","TRAFFIC"
"4FB6264","MD","PAS","9150913906","08/26/2024","09:07A","FIRE HYDRANT","049","BX","TRAFFIC"
"8FTP829","CA","PAS","9150914510","08/27/2024","09:47A","FIRE HYDRANT","040","BX","TRAFFIC"
"BLANKPLATE","99","999","9150925696","08/26/2024","06:48A","FIRE HYDRANT","041","BX","TRAFFIC"
"B0JMY","FL","PAS","9150945701","08/20/2024","06:28A","FIRE HYDRANT","107","Q","TRAFFIC"
"PTC9207","GA","PAS","9150986399","08/25/2024","07:49A","FIRE HYDRANT","023","NY","TRAFFIC"
"PFL8K","FL","PAS","9151029005","08/28/2024","08:53A","NO STANDING-DAY/TIME LIMITS","084","K","TRAFFIC"
"E29MNK","NJ","PAS","9151042400","08/25/2024","00:39A","NO STANDING-BUS STOP","103","Q","TRAFFIC"
"3528229","IN","PAS","9151077450","08/29/2024","11:44A","NO STANDING-DAY/TIME LIMITS","013","NY","TRAFFIC"
"ZWC5227","PA","PAS","9151127854","08/30/2024","01:21P","FIRE HYDRANT","018","NY","TRAFFIC"
"C39UUF","NJ","PAS","9151160997","08/23/2024","07:52A","NO STANDING-EXC. TRUCK LOADING","023","NY","TRAFFIC"
"HPM7658","PA","PAS","9151170528","08/23/2024","02:49P","FIRE HYDRANT","019","NY","TRAFFIC"
"GV4061","WA","PAS","9151177584","09/03/2024","12:14P","NO PARKING-STREET CLEANING","034","NY","TRAFFIC"
"GRS8225","PA","PAS","9151197236","08/30/2024","02:26P","FIRE HYDRANT","033","NY","TRAFFIC"
"S1961186","GA","PAS","9151233186","08/24/2024","06:29A","FIRE HYDRANT","050","BX","TRAFFIC"
"S1847525","GA","PAS","9151233836","08/27/2024","07:30A","FIRE HYDRANT","047","BX","TRAFFIC"
"2525733","ME","PAS","9151237180","08/26/2024","01:20P","DETACHED TRAILER","042","BX","TRAFFIC"
"G5595L","FL","PAS","9151276641","08/27/2024","08:15A","SIDEWALK","107","Q","TRAFFIC"
"1ZK962","MA","PAS","9151278080","09/04/2024","08:01A","FIRE HYDRANT","102","Q","TRAFFIC"
"BC92606","AL","PAS","9151291447","10/01/2024","02:15P","VIN OBSCURED","106","Q","TRAFFIC"
"PL567Z","FL","PAS","9151326607","08/23/2024","08:20A","NO PARKING-STREET CLEANING","115","Q","TRAFFIC"
"X54WDB","NJ","PAS","9151331706","03/13/2026","05:27P","NO PARKING-DAY/TIME LIMITS","115","Q","TRAFFIC"
"RA11355","MS","PAS","9151396865","08/24/2024","09:12A","FAIL TO DSPLY MUNI METER RECPT","001","NY","TRAFFIC"
"ZJV5095","NY","ITP","9151407620","08/28/2024","10:07A","VIN OBSCURED","007","NY","TRAFFIC"
"BLANKPLATE","99","999","9151410450","08/27/2024","03:05P","FIRE HYDRANT","001","NY","TRAFFIC"
"ZKX3291","PA","PAS","9151447095","08/29/2024","03:41P","FAIL TO DISP. MUNI METER RECPT","014","NY","TRAFFIC"
"XPL924","AZ","PAS","9151487159","09/14/2024","08:56A","FAIL TO DSPLY MUNI METER RECPT","023","NY","TRAFFIC"
"12BP51","TN","PAS","9151508746","09/09/2024","09:00A","NO PARKING-STREET CLEANING","047","BX","TRAFFIC"
"004399D","TN","PAS","9151532323","08/21/2024","07:20A","DOUBLE PARKING","071","K","TRAFFIC"
"MEDZHYBI","TX","PAS","9151588407","09/03/2024","12:34P","FIRE HYDRANT","066","K","TRAFFIC"
"S2033625","GA","PAS","9151596933","09/23/2024","09:47A","FIRE HYDRANT","122","R","TRAFFIC"
"030377V","NJ","PAS","9151613852","11/25/2024","12:01P","NO STANDING-DAY/TIME LIMITS","103","Q","TRAFFIC"
"S1973593","GA","PAS","9151665359","09/04/2024","09:09A","FAIL TO DSPLY MUNI METER RECPT","108","Q","TRAFFIC"
"KZU4977","NY","PAS","9151835745","08/29/2024","02:14P","SIDEWALK","120","R","TRAFFIC"
"GPZ3261","PA","PAS","9151865932","09/13/2024","09:23A","FIRE HYDRANT","108","Q","TRAFFIC"
"MHN6757","PA","PAS","9151913100","09/03/2024","08:38A","FAIL TO DSPLY MUNI METER RECPT","009","NY","TRAFFIC"
"C75KPY","NJ","PAS","9151917257","08/29/2024","08:19P","NO STANDING-DAY/TIME LIMITS","006","NY","TRAFFIC"
"YDA1MD","AZ","PAS","9151944250","09/30/2024","11:37A","NO PARKING-DAY/TIME LIMITS","006","NY","TRAFFIC"
"KX963V","FL","PAS","9151961120","08/30/2024","10:39A","NO STANDING-COMM METER ZONE","018","NY","TRAFFIC"
"FXX2522","OH","PAS","9152066186","08/29/2024","09:00A","NO PARKING-STREET CLEANING","062","K","TRAFFIC"
"CODER3D","NY","PAS","9152111702","09/12/2024","04:30P","REG. STICKER-EXPIRED/MISSING","106","Q","TRAFFIC"
"S2088835","GA","PAS","9152204534","11/19/2024","03:47P","DOUBLE PARKING","017","NY","TRAFFIC"
"C604137","NJ","PAS","9152204984","11/20/2024","01:30P","DOUBLE PARKING","018","NY","TRAFFIC"
"LRM9125","PA","PAS","9152220126","09/14/2024","05:24P","EXPIRED MUNI METER","020","NY","TRAFFIC"
"A27SDW","FL","PAS","9152343480","09/11/2024","02:19P","EXPIRED MUNI METER","109","Q","TRAFFIC"
"T74UVP","NJ","PAS","9152348362","09/11/2024","03:04P","EXPIRED MUNI METER","009","NY","TRAFFIC"
"36DM42","SD","PAS","9152361378","09/30/2024","07:29A","FIRE HYDRANT","023","NY","TRAFFIC"
"N75URJ","NJ","PAS","9152397518","10/18/2024","03:49P","DOUBLE PARKING","046","BX","TRAFFIC"
"513570D","MT","PAS","9152490300","09/08/2024","02:28P","FIRE HYDRANT","115","Q","TRAFFIC"
"AF72570","CT","PAS","9152491092","09/15/2024","01:07P","FIRE HYDRANT","115","Q","TRAFFIC"
"G2013K","FL","PAS","9152494720","10/14/2024","01:26P","FAIL TO DSPLY MUNI METER RECPT","115","Q","TRAFFIC"
"TUC7124","VA","PAS","9152501887","09/12/2024","09:02A","VIN OBSCURED","013","NY","TRAFFIC"
"T2970","WY","PAS","9152518061","09/18/2024","01:50P","FIRE HYDRANT","001","NY","TRAFFIC"
"U28UTT","NJ","PAS","9152531181","09/02/2024","12:30P","FIRE HYDRANT","001","NY","TRAFFIC"
"XKVN84","NJ","PAS","9152554168","09/13/2024","07:37A","FAIL TO DISP. MUNI METER RECPT","014","NY","TRAFFIC"
"EDW825","GA","PAS","9152578630","09/16/2024","08:11A","NO PARKING-STREET CLEANING","020","NY","TRAFFIC"
"LVLE42","NJ","PAS","9152581743","09/09/2024","11:45A","NO PARKING-STREET CLEANING","024","NY","TRAFFIC"
"PC337481","DE","PAS","9152634619","09/13/2024","07:21A","FIRE HYDRANT","044","BX","TRAFFIC"
"YDA1MD","AZ","PAS","9152679469","09/20/2024","08:17A","FIRE HYDRANT","067","K","TRAFFIC"
"RGC2589","UT","PAS","9152696315","09/09/2024","04:26P","FIRE HYDRANT","083","K","TRAFFIC"
"NS","NY","999","9152710038","08/29/2024","09:50A","SIDEWALK","104","Q","TRAFFIC"
"C333024","CT","CMB","9152711330","09/03/2024","07:00A","CROSSWALK","104","Q","TRAFFIC"
"HZG5144","NY","PAS","9152735163","08/27/2024","07:24A","VIN OBSCURED","109","Q","TRAFFIC"
"625BM2","NY","MOT","9152750577","08/28/2024","09:03A","NO STANDING-HOTEL LOADING","017","NY","TRAFFIC"
"AM77096","CT","PAS","9152753414","09/05/2024","03:51P","FIRE HYDRANT","017","NY","TRAFFIC"
"S366010","OH","PAS","9152825747","09/02/2024","12:46P","FIRE HYDRANT","018","NY","TRAFFIC"
"609YTW","IA","PAS","9152880126","08/21/2024","09:34A","DOUBLE PARKING","046","BX","TRAFFIC"
"BLANKPLATE","99","999","9152898490","10/03/2024","09:42A","DOUBLE PARKING","042","BX","TRAFFIC"
"LFF6851","PA","PAS","9152901579","08/22/2024","03:12P","FIRE HYDRANT","045","BX","TRAFFIC"
"S1982650","GA","PAS","9152998575","09/05/2024","08:41P","FIRE HYDRANT","061","K","TRAFFIC"
"W75DUG","NJ","PAS","9153021290","09/06/2024","09:26A","FAIL TO DSPLY MUNI METER RECPT","103","Q","TRAFFIC"
"F11JUM","NJ","PAS","9153039920","09/14/2024","10:21P","FIRE HYDRANT","103","Q","TRAFFIC"
"MMN6656","PA","PAS","9153128692","09/25/2024","08:16A","CROSSWALK","034","NY","TRAFFIC"
"S2021784","GA","PAS","9153150594","09/04/2024","10:18A","NO PARKING-STREET CLEANING","033","NY","TRAFFIC"
"BK78604","CT","PAS","9153156377","09/07/2024","06:55A","FIRE HYDRANT","023","NY","TRAFFIC"
"S2035418","GA","PAS","9153167235","09/13/2024","12:03P","NO STANDING-BUS STOP","042","BX","TRAFFIC"
"D99PES","NJ","PAS","9153256475","08/30/2024","10:05A","NO PARKING-STREET CLEANING","115","Q","TRAFFIC"
"994171T","NJ","PAS","9153305206","09/11/2024","01:14P","DOUBLE PARKING","017","NY","TRAFFIC"
"LXG0174","PA","PAS","9153313586","08/31/2024","01:51P","FIRE HYDRANT","009","NY","TRAFFIC"
"KNV2506","PA","PAS","9153317439","09/12/2024","01:24P","NO STANDING-EXC. TRUCK LOADING","005","NY","TRAFFIC"
"G9590L","FL","PAS","9153319485","09/20/2024","03:48P","NO STANDING-DAY/TIME LIMITS","005","NY","TRAFFIC"
"50269ML","NY","COM","9153333573","09/10/2024","08:38A","BIKE LANE","001","NY","TRAFFIC"
"RRUK18","NJ","PAS","9153342665","10/16/2025","01:35P","DOUBLE PARKING","014","NY","TRAFFIC"
"Z67USY","NJ","PAS","9153357991","11/21/2024","11:07A","SAFETY ZONE","018","NY","TRAFFIC"
"EK76208","IL","PAS","9153373388","09/12/2024","10:32P","DOUBLE PARKING","025","NY","TRAFFIC"
"E16PEB","QB","PAS","9153384246","09/24/2024","03:08P","FIRE HYDRANT","034","NY","TRAFFIC"
"103M606","MI","PAS","9153467759","09/07/2024","07:08A","NO STANDING-DAY/TIME LIMITS","070","K","TRAFFIC"
"AA99189","CT","PAS","9153507071","08/31/2024","12:38P","NO STANDING-COMM METER ZONE","084","K","TRAFFIC"
"BLANKPLATE","99","999","9153511037","09/05/2024","07:13A","FIRE HYDRANT","075","K","TRAFFIC"
"KCW0000","NY","999","9153515018","09/18/2024","04:10P","SIDEWALK","090","K","TRAFFIC"
"S2014398","GA","PAS","9153551060","09/07/2024","08:36A","NO PARKING-STREET CLEANING","115","Q","TRAFFIC"
"3208433","IN","PAS","9153588630","10/03/2024","10:01A","FAIL TO DISP. MUNI METER RECPT","013","NY","TRAFFIC"
"AN38725","CT","PAS","9153603450","09/20/2024","08:36A","NO PARKING-DAY/TIME LIMITS","014","NY","TRAFFIC"
"ABHA49","CO","PAS","9153688958","09/13/2024","12:28P","CROSSWALK","048","BX","TRAFFIC"
"RJX4361","GA","PAS","9153718264","09/20/2024","11:24P","VIN OBSCURED","046","BX","TRAFFIC"
"LTR870","MN","PAS","9153818398","09/20/2024","08:19A","FIRE HYDRANT","104","Q","TRAFFIC"
"AP29799","CT","COM","9153832747","09/13/2024","03:21A","STORAGE-3HR COMMERCIAL","104","Q","TRAFFIC"
"3A72D20","AL","PAS","9153844002","09/28/2024","10:21A","FAIL TO DSPLY MUNI METER RECPT","115","Q","TRAFFIC"
"BLANKPLATE","99","999","9153917376","09/20/2024","08:28A","SIDEWALK","005","NY","TRAFFIC"
"XPVD90","NJ","PAS","9153960610","09/03/2024","02:08P","NO STANDING-BUS STOP","014","NY","TRAFFIC"
"Y32RCZ","NJ","PAS","9153976563","09/04/2024","09:02A","FIRE HYDRANT","028","NY","TRAFFIC"
"5228XJ","VA","PAS","9153993457","09/05/2024","06:39A","CROSSWALK","047","BX","TRAFFIC"
"BJ69574","CT","PAS","9154009868","09/09/2024","06:14A","DOUBLE PARKING","043","BX","TRAFFIC"
"JAHONGIR","PA","PAS","9154013677","09/04/2024","07:06A","SIDEWALK","061","K","TRAFFIC"
"AB85645","CT","PAS","9154019590","10/05/2024","08:57A","NO STANDING-BUS STOP","072","K","TRAFFIC"
"624ZXN","CT","PAS","9154165416","09/12/2024","08:36A","FIRE HYDRANT","006","NY","TRAFFIC"
"JZX6866","PA","PAS","9154175100","09/11/2024","04:11P","NO STANDING-DAY/TIME LIMITS","017","NY","TRAFFIC"
"C89382S","WA","PAS","9154178095","10/05/2024","03:42P","NO PARKING-DAY/TIME LIMITS","014","NY","TRAFFIC"
"7XVZ129","CA","PAS","9154194015","09/14/2024","07:17A","FIRE HYDRANT","034","NY","TRAFFIC"
"KHT3885","PA","PAS","9154199669","09/21/2024","07:25A","FIRE HYDRANT","023","NY","TRAFFIC"
"BLANKPLATE","99","999","9154239357","09/03/2024","03:41A","DOUBLE PARKING","043","BX","TRAFFIC"
"8DX1751","MD","PAS","9154243920","09/06/2024","08:00A","FIRE HYDRANT","062","K","TRAFFIC"
"LDF9775","NY","PAS","9154261960","10/01/2024","04:10P","FIRE HYDRANT","083","K","TRAFFIC"
"BA88213","CT","COM","9154352277","11/05/2024","08:10A","TRAFFIC LANE","005","NY","TRAFFIC"
"63207MM","NY","COM","9154393164","09/30/2024","10:54A","FAIL TO DISP. MUNI METER RECPT","005","NY","TRAFFIC"
"1QZ541","RI","PAS","9154397078","09/09/2024","03:39P","DOUBLE PARKING","001","NY","TRAFFIC"
"JMD8892","PA","PAS","9154444214","10/04/2024","07:55A","FIRE HYDRANT","019","NY","TRAFFIC"
"4YT961","MA","PAS","9154495738","09/10/2024","03:28P","FIRE HYDRANT","048","BX","TRAFFIC"
"2XCR52","MA","PAS","9154507881","10/01/2024","01:19P","DOUBLE PARKING","044","BX","TRAFFIC"
"ZKA9635","NY","ITP","9154525263","09/25/2024","12:30P","CROSSWALK","066","K","TRAFFIC"
"ZKN1612","NJ","PAS","9154599842","06/26/2025","08:17A","FIRE HYDRANT","120","R","TRAFFIC"
"ZJY9468","NY","PAS","9154603092","09/30/2024","07:32A","FIRE HYDRANT","120","R","TRAFFIC"
"LCC0088","PA","PAS","9154607607","10/13/2024","01:22P","FIRE HYDRANT","106","Q","TRAFFIC"
"KXX9399","PA","PAS","9154685655","09/05/2024","05:29P","VIN OBSCURED","013","NY","TRAFFIC"
"183192D","MT","PAS","9154686933","09/15/2024","06:41A","NO STANDING-EXC. AUTH. VEHICLE","013","NY","TRAFFIC"
"H11SAT","NJ","PAS","9154700024","09/11/2024","02:31P","NO STANDING-COMM METER ZONE","009","NY","TRAFFIC"
"KT9549","FL","PAS","9154745019","09/04/2024","11:20A","BIKE LANE","034","NY","TRAFFIC"
"T48UYA","NJ","PAS","9154748719","09/17/2024","08:15A","NO PARKING-STREET CLEANING","033","NY","TRAFFIC"
"124580","VA","PAS","9154785145","09/07/2024","08:00A","FIRE HYDRANT","048","BX","TRAFFIC"
"245133T","TN","PAS","9154806112","09/04/2024","01:26P","DETACHED TRAILER","042","BX","TRAFFIC"
"5392LH","ME","PAS","9154817699","10/28/2024","11:57A","VIN OBSCURED","070","K","TRAFFIC"
"XQA316","GA","PAS","9154842694","09/23/2024","10:42A","NO STANDING-DAY/TIME LIMITS","070","K","TRAFFIC"
"7RBF796","CA","PAS","9154882102","09/13/2024","06:04P","FIRE HYDRANT","079","K","TRAFFIC"
"F27HRF","NJ","PAS","9154916926","11/25/2024","08:13A","NO PARKING-STREET CLEANING","114","Q","TRAFFIC"
"CE32Y","MI","PAS","9155014239","10/05/2024","09:13A","CROSSWALK","006","NY","TRAFFIC"
"3684018","IN","PAS","9155049760","11/17/2024","01:33P","CROSSWALK","014","NY","TRAFFIC"
"AKEW83","FL","PAS","9155055114","03/07/2025","12:59P","DOUBLE PARKING","013","NY","TRAFFIC"
"CBLJR","NY","SPO","9155060160","09/15/2024","11:58A","NO STOPPING-DAY/TIME LIMITS","017","NY","TRAFFIC"
"4633538","NH","PAS","9155067852","09/19/2024","07:10A","NO STANDING-DAY/TIME LIMITS","023","NY","TRAFFIC"
"80790ND","NY","COM","9155098060","09/28/2024","09:15A","FIRE HYDRANT","020","NY","TRAFFIC"
"S1970501","GA","PAS","9155146521","09/10/2024","07:15A","FIRE HYDRANT","046","BX","TRAFFIC"
"KQWN39","NJ","PAS","9155148657","09/16/2024","12:32P","EXPIRED MUNI METER","048","BX","TRAFFIC"
"FRV332","CA","PAS","9155198790","09/17/2024","07:18A","NO PARKING-STREET CLEANING","073","K","TRAFFIC"
"PM311C","FL","PAS","9155201799","09/16/2024","08:54A","NO PARKING-STREET CLEANING","094","K","TRAFFIC"
"485ZK0","CT","PAS","9155208873","09/14/2024","06:18A","DOUBLE PARKING","073","K","TRAFFIC"
"V82HRZ","FL","PAS","9155244609","11/25/2024","08:54A","FIRE HYDRANT","104","Q","TRAFFIC"
"XFF2428","VA","PAS","9155282519","09/19/2024","01:27A","FIRE HYDRANT","115","Q","TRAFFIC"
"ZNT0422","PA","PAS","9155360853","09/20/2024","11:15A","FIRE HYDRANT","018","NY","TRAFFIC"
"S961530","OH","PAS","9155367689","10/31/2024","12:00P","DOUBLE PARKING","017","NY","TRAFFIC"
"JWX6158","PA","PAS","9155424302","09/29/2024","08:43A","FIRE HYDRANT","050","BX","TRAFFIC"
"625NTJ","CT","PAS","9155446449","09/10/2024","06:33A","DOUBLE PARKING","043","BX","TRAFFIC"
"LBJ1844","NY","PAS","9155510504","09/17/2024","08:14A","SIDEWALK","120","R","TRAFFIC"
"ZMK90T","TX","PAS","9155552249","10/08/2024","09:32A","FAIL TO DSPLY MUNI METER RECPT","115","Q","TRAFFIC"
"XPVD90","NJ","PAS","9155565463","09/13/2024","02:47P","DOUBLE PARKING","009","NY","TRAFFIC"
"GML8944","PA","PAS","9155577301","10/02/2024","03:40P","FIRE HYDRANT","009","NY","TRAFFIC"
"3220777","IN","PAS","9155584366","09/17/2024","01:00P","NO STANDING-BUS LANE","009","NY","TRAFFIC"
"4FAL26","MA","PAS","9155589017","09/30/2024","08:17P","FAIL TO DSPLY MUNI METER RECPT","006","NY","TRAFFIC"
"JJG425","MS","PAS","9155597178","10/17/2024","07:44A","VIN OBSCURED","014","NY","TRAFFIC"
"9DJR207","CA","PAS","9155613809","09/26/2024","04:19P","NO STANDING-COMM METER ZONE","001","NY","TRAFFIC"
"S1917621","GA","PAS","9155683344","10/04/2024","09:37A","FIRE HYDRANT","079","K","TRAFFIC"
"HLD9387","PA","PAS","9155702600","10/01/2024","07:45A","FIRE HYDRANT","102","Q","TRAFFIC"
"AW84438","CT","999","9155742798","09/19/2024","09:51A","NO PARKING-STREET CLEANING","066","K","TRAFFIC"
"KXH7180","PA","PAS","9155746202","09/15/2024","01:51P","NO STANDING-BUS STOP","094","K","TRAFFIC"
"W66RZL","NJ","PAS","9155772687","09/18/2024","03:48P","NO STANDING-DAY/TIME LIMITS","018","NY","TRAFFIC"
"G2259L","FL","PAS","9155782747","09/16/2024","04:10P","FIRE HYDRANT","024","NY","TRAFFIC"
"5872ZV","ME","PAS","9155802825","10/10/2024","08:33A","FIRE HYDRANT","048","BX","TRAFFIC"
"S2061888","GA","PAS","9155803726","10/17/2024","09:01A","FIRE HYDRANT","046","BX","TRAFFIC"
"H82RRL","NJ","PAS","9155883710","09/15/2024","09:10A","FIRE HYDRANT","001","NY","TRAFFIC"
"BNB8664","TN","PAS","9155894847","10/23/2024","03:07P","FIRE HYDRANT","018","NY","TRAFFIC"
"K24UCL","NJ","PAS","9155925418","09/20/2024","08:26A","FIRE HYDRANT","030","NY","TRAFFIC"
"RMJS64","FL","PAS","9156013565","09/20/2024","09:31A","NO PARKING-STREET CLEANING","061","K","TRAFFIC"
"KJH5281","PA","PAS","9156127030","09/18/2025","04:07P","CROSSWALK","103","Q","TRAFFIC"
"7471BF7","AL","PAS","9156127595","10/08/2025","01:52P","FIRE HYDRANT","106","Q","TRAFFIC"
"DA18794","VA","PAS","9156169565","10/05/2024","05:10P","FAIL TO DSPLY MUNI METER RECPT","018","NY","TRAFFIC"
"S845383","OH","PAS","9156247369","10/10/2024","08:50A","NO PARKING-STREET CLEANING","040","BX","TRAFFIC"
"KNM9857","NY","PAS","9156333420","09/18/2024","10:12A","FAIL TO DSPLY MUNI METER RECPT","067","K","TRAFFIC"
"38104770","IL","PAS","9156373545","11/13/2024","02:54P","DOUBLE PARKING","079","K","TRAFFIC"
"3GA4431","MD","PAS","9156403409","09/25/2024","04:25P","VIN OBSCURED","103","Q","TRAFFIC"
"VZK4079","VA","PAS","9156411832","09/16/2024","07:17A","FIRE HYDRANT","104","Q","TRAFFIC"
"83533ME","NY","COM","9156465476","09/26/2024","11:05A","DOUBLE PARKING","013","NY","TRAFFIC"
"PM832I","FL","PAS","9156485402","09/19/2024","02:45P","SAFETY ZONE","007","NY","TRAFFIC"
"AANQ3920","MT","PAS","9156491402","10/02/2024","08:39A","FIRE HYDRANT","014","NY","TRAFFIC"
"9440501","IL","PAS","9156530626","09/19/2024","01:26P","BIKE LANE","025","NY","TRAFFIC"
"V49RMM","NJ","PAS","9156533196","10/01/2024","05:59P","EXPIRED MUNI METER","023","NY","TRAFFIC"
"989358T","NJ","PAS","9156542010","10/12/2024","02:39P","FIRE HYDRANT","024","NY","TRAFFIC"
"CES3253","GA","PAS","9156562548","10/02/2024","09:43A","FIRE HYDRANT","048","BX","TRAFFIC"
"HHK2261","PA","PAS","9156567303","10/25/2024","12:32P","DOUBLE PARKING","041","BX","TRAFFIC"
"BSE3501","WA","PAS","9156595645","09/15/2024","07:56A","CROSSWALK","062","K","TRAFFIC"
"49JC87","SD","PAS","9156664953","11/29/2024","12:22P","NO PARKING-STREET CLEANING","075","K","TRAFFIC"
"G3331J","NY","999","9156717295","10/02/2024","04:08P","FAIL TO DSPLY MUNI METER RECPT","114","Q","TRAFFIC"
"LDZ7359","PA","PAS","9156743865","10/09/2024","12:52P","DOUBLE PARKING","013","NY","TRAFFIC"
"3091149","IN","PAS","9156748383","01/22/2025","07:38A","DOUBLE PARKING-MIDTOWN COMML","013","NY","TRAFFIC"
"P640936","IN","PAS","9156782494","09/30/2024","09:21A","DETACHED TRAILER","001","NY","TRAFFIC"
"4DKG59","MA","PAS","9156786189","10/03/2024","10:23A","NO STANDING-COMM METER ZONE","005","NY","TRAFFIC"
"XLHH57","NJ","PAS","9156806462","10/03/2024","11:25A","FAIL TO DISP. MUNI METER RECPT","018","NY","TRAFFIC"
"60446D","MN","PAS","9156819432","10/28/2024","07:29A","VIN OBSCURED","018","NY","TRAFFIC"
"JCB5485","PA","PAS","9156825810","09/17/2024","05:46A","FIRE HYDRANT","019","NY","TRAFFIC"
"JCB5485","PA","PAS","9156836466","09/27/2024","12:10P","NO PARKING-DAY/TIME LIMITS","019","NY","TRAFFIC"
"54243MN","NY","COM","9156964328","10/11/2024","11:10A","DOUBLE PARKING","009","NY","TRAFFIC"
"XPMM42","NJ","PAS","9156979599","10/09/2024","02:15P","NO STANDING-BUS STOP","018","NY","TRAFFIC"
"Y34URA","NJ","PAS","9157049816","10/05/2024","08:40A","FIRE HYDRANT","115","Q","TRAFFIC"
"RBV1213","NC","PAS","9157076315","09/23/2024","01:05P","NO STANDING-BUS LANE","017","NY","TRAFFIC"
"SWELL","NH","PAS","9157106071","09/27/2024","09:58A","NO PARKING-STREET CLEANING","006","NY","TRAFFIC"
"S66UDD","NJ","PAS","9157109655","10/10/2024","05:45P","VIN OBSCURED","005","NY","TRAFFIC"
"Y26SZF","NJ","PAS","9157129319","10/08/2024","10:18A","NO STANDING-TAXI STAND","010","NY","TRAFFIC"
"LNK4852","NY","PAS","9157142634","09/24/2024","08:52P","EXPIRED MUNI METER","009","NY","TRAFFIC"
"P30RUF","NJ","PAS","9157172262","09/28/2024","02:37P","EXPIRED MUNI METER","009","NY","TRAFFIC"
"8GB686","SD","PAS","9157237700","10/04/2024","10:30A","FAIL TO DSPLY MUNI METER RECPT","028","NY","TRAFFIC"
"P78SVY","NJ","PAS","9157277503","10/08/2024","08:07A","FIRE HYDRANT","043","BX","TRAFFIC"
"2E70856","NY","TRA","9157291494","09/17/2024","03:10P","DOUBLE PARKING","045","BX","TRAFFIC"
"OHD026","CO","PAS","9157308834","09/16/2024","03:03P","FIRE HYDRANT","062","K","TRAFFIC"
"S2003956","GA","PAS","9157350346","09/30/2024","09:22A","FIRE HYDRANT","077","K","TRAFFIC"
"HPC8708","PA","PAS","9157372019","10/07/2024","11:12A","CROSSWALK","084","K","TRAFFIC"
"LWA2083","PA","PAS","9157478272","10/23/2024","07:37A","NO STANDING-COMM METER ZONE","014","NY","TRAFFIC"
"958MX0","CT","PAS","9157522534","09/28/2024","01:06P","FIRE HYDRANT","028","NY","TRAFFIC"
"TT297","RI","PAS","9157530154","10/05/2024","09:28A","FIRE HYDRANT","049","BX","TRAFFIC"
"KSS8158","PA","PAS","9157530877","10/12/2024","09:04A","FIRE HYDRANT","049","BX","TRAFFIC"
"S1998887","GA","PAS","9157571776","10/01/2024","08:28A","NO PARKING-DAY/TIME LIMITS","043","BX","TRAFFIC"
"BLANKPLATE","99","999","9157578515","09/25/2024","01:56A","NO STANDING-DAY/TIME LIMITS","042","BX","TRAFFIC"
"725273E","MT","PAS","9157659369","10/05/2024","06:19A","WRONG WAY","110","Q","TRAFFIC"
"CKE0006","DP","PAS","9157693985","04/10/2025","11:16A","NO STANDING-TAXI STAND","014","NY","TRAFFIC"
"KKD6069","PA","PAS","9157704041","10/13/2024","03:58P","NO STANDING EXCP D/S","017","NY","TRAFFIC"
"HFE2370","PA","PAS","9157708496","09/27/2024","08:12A","NO PARKING-STREET CLEANING","025","NY","TRAFFIC"
"DPS23","DE","PAS","9157724805","10/22/2024","02:23P","DOUBLE PARKING","025","NY","TRAFFIC"
"HKP7317","NC","PAS","9157729700","09/23/2024","07:08A","CROSSWALK","045","BX","TRAFFIC"
"A39RMH","NJ","PAS","9157743393","10/09/2024","01:50P","SIDEWALK","120","R","TRAFFIC"
"63EETX","FL","PAS","9157760380","09/19/2024","02:04P","EXPIRED MUNI METER","114","Q","TRAFFIC"
"KXU5875","NY","PAS","9157775151","09/18/2024","04:38P","REG. STICKER-EXPIRED/MISSING","114","Q","TRAFFIC"
"3220777","IN","PAS","9157795502","09/17/2024","02:49P","DOUBLE PARKING","009","NY","TRAFFIC"
"F71NZY","NJ","PAS","9157827620","10/05/2024","05:25P","FAIL TO DSPLY MUNI METER RECPT","006","NY","TRAFFIC"
"XHJM60","NJ","PAS","9157867501","10/01/2024","10:31A","FIRE HYDRANT","017","NY","TRAFFIC"
"GTH8637","NY","PAS","9157878122","11/26/2024","05:19P","FIRE HYDRANT","018","NY","TRAFFIC"
"S1999579","GA","PAS","9157890213","09/20/2024","02:30P","FAIL TO DSPLY MUNI METER RECPT","020","NY","TRAFFIC"
"KFH4112","NC","PAS","9157914448","10/11/2024","01:25P","FIRE HYDRANT","028","NY","TRAFFIC"
"307885","IN","PAS","9157916238","10/02/2024","01:54P","BIKE LANE","033","NY","TRAFFIC"
"2321636","ME","PAS","9158084915","10/03/2024","10:27A","DETACHED TRAILER","106","Q","TRAFFIC"
"JFG9886","PA","PAS","9158137178","09/25/2024","07:38A","FIRE HYDRANT","101","Q","TRAFFIC"
"JGEH80","FL","PAS","9158171812","09/26/2024","03:58P","VIN OBSCURED","013","NY","TRAFFIC"
"2FL5483","MD","PAS","9158208136","09/28/2024","01:27P","VIN OBSCURED","001","NY","TRAFFIC"
"70DMM","NJ","PAS","9158234585","04/05/2025","03:05P","NO STANDING-TAXI STAND","017","NY","TRAFFIC"
"T75NMY","NJ","PAS","9158261527","02/26/2025","03:38P","FIRE HYDRANT","025","NY","TRAFFIC"
"S2008311","GA","PAS","9158270899","09/30/2024","08:16A","NO PARKING-STREET CLEANING","052","BX","TRAFFIC"
"53109K3","NY","999","9158379563","01/23/2025","02:06P","FAIL TO DSPLY MUNI METER RECPT","107","Q","TRAFFIC"
"LPA5724","NY","PAS","9158384613","10/17/2024","08:52P","REG. STICKER-EXPIRED/MISSING","102","Q","TRAFFIC"
"58918M5","MD","PAS","9158400205","09/29/2024","01:03P","VIN OBSCURED","102","Q","TRAFFIC"
"PWP3016","GA","PAS","9158475369","09/29/2024","11:33A","NO STANDING-DAY/TIME LIMITS","001","NY","TRAFFIC"
